uniqueID,wikidata_place_of_birth
Abbott1859,Bendigo
Abbott1869,Hobart
Abbott1877,Murrurundi
Abbott1886,St Leonards
Abbott1891,North Sydney
Abbott1957,General Lying-In Hospital
Abel1939,Sydney
Abetz1958,Stuttgart
Adams1943,Picton
Adams1951,Launceston
Adamson1857,Tudhoe
Adermann1896,Lowood
Adermann1927,Kingaroy
Ahern1871,Victoria
Albanese1963,Sydney
Aldred1945,East Melbourne
Alexander1951,Sydney
Allan1916,Newcastle
Allen1966,Albury
Allison1946,Melbourne
Alston1941,Perth
Aly1967,Alexandria
Amour1900,Hamilton
Anderson1909,NA
Anderson1956,Sydney
AndersonCharles1897,Cape Town
AndersonGordon1897,Barkly
Andren1946,Gulargambone
Andrew1866,Castlemaine
Andrew1944,Waikerie
Andrews1900,NA
Andrews1955,Sale
Andrews1960,Brisbane
Anning1949,Brisbane
Anstey1865,London
Anthony1897,Warren
Anthony1929,Murwillumbah
Anthony1961,Sydney
Antic1974,Adelaide
Arbib1971,Chippendale
Archer1871,Croydon
Archer1929,NA
Archer1975,NA
Archibald1852,St Pancras
Arkins1888,Millthorpe
Armitage1920,Sydney
Armstrong1908,Ultimo
Armstrong1909,Deniliquin
Arnold1902,Wallaroo
Arthur1875,Castlemaine
Arthur1883,Forbes
Arthur1918,Sydney
Ashley1881,Hay
AshleyBrown1915,Sydney
Askew1963,Launceston
Aston1916,Sydney
Atkinson1867,Launceston
Atkinson1948,Adelaide
Aulich1945,Bathurst
Aylett1900,Wynyard
Ayres,NA
Back1950,Perth
Badman1885,Yacka
Bailey1946,Brisbane
Baillieu1937,Melbourne
Baird1942,Sydney
Baker1841,North Adelaide
Baker1873,Leyburn
Baker1903,Bundaberg
Baker1958,Latrobe
Bakhap1866,Ballarat
Baldwin1951,Aldershot
Baldwin1955,Gloucester
Bamford1849,Dubbo
Bandidt1906,NA
Bandt1972,Adelaide
Banks1962,Melbourne
Barker1846,Sussex
Barnard1890,Mole Creek
Barnard1919,Launceston
Barnes1868,Hamilton
Barnes1901,Einasleigh
Barnett1962,Launceston
Barresi1955,Patti
Barrett1858,Carlton
Bartlett1949,Sydney
Bartlett1964,Brisbane
Barton1849,Glebe
Barwell1877,Adelaide
Barwick1903,Sydney
Batchelor1865,Adelaide
Bate1906,Tilba
Baume1930,Sydney
Baume1935,Sydney
Bayley1882,Franklin
Beahan1937,London
Beale1898,Tamworth
Beale1934,Sydney
Beard1866,NA
Beasley1895,Werribee
Beaton1925,Mooroopna
Beazley1917,Northam
Beazley1948,Perth
Beck1882,Launceston
Beddall1948,Manchester
Beerworth1886,Quorn
Bell1968,Adelaide
Bell1872,Sale
Bell1950,Hobart
Benn1897,Branxholme
Bennett1872,Young
Bennett1874,NA
Bennett1933,Perth
Benny1869,Aldinga
Benson1909,Cheltenham
Berinson1932,Highgate
Bernardi1969,Adelaide
Berry1907,Esk
Bessell1923,Launceston
Best1856,Collingwood
Bevis1955,Brisbane
Bidgood1959,London
Billson1966,Albury
Bilney1939,Renmark
Bilyk1959,Hobart
Bird1906,Launceston
Bird1962,Wollongong
Birmingham1974,Adelaide
Birney1928,Sydney
Birrell1913,Adelaide
Bishop1913,Adelaide
Bishop1942,Sydney
Bishop1954,Adelaide
Bishop1956,Lobethal
BjelkePetersen1920,Brisbane
Black1952,Sydney
Blackburn1880,Inglewood
Blackburn1889,Melbourne
Blacklow1879,Bagdad
Blackwood1861,Crowlands
Blain1894,Inverell
Blakeley1886,Gilberton
Blakey1879,Balmoral
Blanchard1929,London
Bland1882,Macdonaldtown
Blewett1933,Launceston
Blundell1871,Norwood
Blunt1951,Sydney
Bolkus1950,Adelaide
Bolton1860,Lostock Gralam
Bonner1922,Ukerebagh Island
Bonnett1916,Brisbane
Bonython1848,London
Bosman1924,Sydney
Bostock1892,Surry Hills
Boswell1940,Perth
Bourchier1929,Ballarat
Bourke1913,Carlton North
Bourne1954,Sydney
Bowden1871,Parramatta
Bowden1888,Moyhu
Bowen1911,Summerland
Bowen1922,Ultimo
Bowen1973,Sydney
Boyce1951,Brisbane
Boyd1867,Ayrshire
Bradbury1976,Sydney
Braddon1829,St Kew
Bradfield1933,Sydney
Bradford1946,Sydney
Bragg1984,Carlton
Braithwaite1933,Finch Hatton
Brand1873,Ipswich
Brand1888,Childers
Brandis1957,Sydney
Branson1918,Perth
Breen1898,Kalgoorlie
Breen1902,St Kilda
Brennan1866,Bendigo
Brennan1873,Bendigo
Brereton1946,Kensington
BridgesMaxwell1929,Hobart
Briggs1977,Kyneton
Brimblecombe1898,Laidley
Broad1975,Carnarvon
Broadbent1950,Koo Wee Rup
Brockman1970,Manjimup
Brodtmann1963,Melbourne
Brough1961,Brisbane
Brown1843,"St John's, Woking"
Brown1861,Forbes
Brown1885,Chesterfield
Brown1894,Colac
Brown1920,Melbourne
Brown1931,Sydney
Brown1933,Pelaw Main
Brown1940,Melbourne
Brown1944,Oberon
Brown1963,Hobart
Brownbill1914,Adelaide
Browne1924,Sydney
Brownhill1935,Mudgee
Bruce1883,Melbourne
Bruce1884,Wandiligong
Brumby1953,Melbourne
Bryant1914,Lismore
Bryson1898,Maldon
Buchanan1905,Melbourne
Buchholz1968,Rockhampton
Buckland1947,Sydney
Bull1905,Wagga Wagga
Bullock1955,Sydney
Bungey1934,Gnowangerup
Bunton1902,Albury
Burchell1883,Port Pirie
Burke1910,Moora
Burke1966,Melbourne
Burke1969,Sydney
Burney1957,Whitton
Burns1869,Mogo
Burns1929,Rockhampton
Burns1933,Northern Ireland
Burns1987,Caulfield
Burr1939,Launceston
Burston1948,Cessnock
Bury1913,London
Bushby1965,Launceston
Butler1970,Canberra
Butler1977,Cairns
Buttfield1912,Adelaide
Button1932,Ballarat
Buzacott1867,Clare
Byrne1910,Yea
Byrne1962,Adelaide
Cadman1937,Sydney
Cairns1914,Carlton
Cairns1929,Five Dock
Calder1916,Melbourne
Calvert1940,Hobart
Calwell1896,Melbourne
Cameron1851,Launceston
Cameron1857,Nile
Cameron1873,German Creek
Cameron1878,North Melbourne
Cameron1879,Brisbane
Cameron1895,Happy Valley
Cameron1900,Ipswich
Cameron1913,Murray Bridge
Cameron1914,Murray Bridge
Cameron1917,Cloncurry
Cameron1930,Melbourne
Cameron1935,Millicent
Cameron1938,Melbourne
Cameron1940,Brisbane
Cameron1965,Sydney
CameronDouglas1951,Bellshill
CameronEoin1951,Mount Gambier
Campbell1939,Abingdon-on-Thames
Campbell1943,Belfast
Campbell1959,Perth
Campbell1972,Queenstown
Canavan1980,Southport
Cann1871,Cramlington
Cant1907,Mount Magnet
Carige1938,Mount Morgan
Carlton1935,Sydney
Carpenter1863,Stratton St Margaret
Carr1875,Dubbo
Carr1947,Matraville
Carr1955,Tumut
Carrick1918,Sydney
Carroll1872,Garvoc
Casey1890,Brisbane
Cash1919,Gladstone
Cash1970,Subiaco
Cass1927,Narrogin
Catley1942,Wales
Catts1877,Wagga Wagga
Causley1940,Maclean
Cavanagh1913,Rosewater
Chalmers1978,Brisbane
Chamarette1948,Hyderabad
Chamberlain1884,Manchester
Chambers1897,Thebarton
Champion1972,Elizabeth
Chandler1990,Hobart
Chaney1914,Fremantle
Chaney1941,Perth
Chanter1845,Adelaide
Chapman1864,Bowral
Chapman1879,Jamestown
Chapman1949,Adelaide
Charles1936,Covington
Charles1948,Melbourne
Charleston1848,St Erth
Charlesworth1952,Subiaco
Charlton1866,Linton
Chataway1864,Wartling
Cheeseman1976,Christchurch
Cherry1965,Kilcoy
Chester1967,Sale
Chesters1980,Wentworthville
Chifley1885,Bathurst
Child1921,Yackandandah
Childs1934,Sydney
Chipp1925,Melbourne
Chisholm1978,Brisbane
Chresby1908,Wickham
Christensen1978,Mackay
Chynoweth1941,Richmond
Ciccone1983,East Melbourne
Ciobo1974,Mareeba
Clare1972,Sydney
Clarey1890,Bairnsdale
Clark1897,Coonamble
Clarke1857,Stroud
Clasby1891,Warragul
Clay1900,Chillagoe
Claydon1964,Camperdown
Clayton1942,Hampshire
Cleary1952,Melbourne
Cleaver1917,Perth
Cleeland1938,Preston
Clemons1862,Launceston
Clothier1877,Bulimba
Coates1944,Melbourne
Cobb1945,Blayney
Cobb1950,Bathurst
Cockle1908,Harrington
Cohen1918,Bankstown
Cohen1935,Griffith
Coker,NA
Colbeck1958,Myrtleford
Cole1908,Don
Colebatch1872,Wolferlow
Coleman1892,Surry Hills
Coleman1928,Caulfield
Coleman1931,Collie
Coleman1974,Camden
Coles1892,Geelong
Collard1912,Beverley
Collard1936,Maleny
Collett1877,Saint Peter Port
Collings1865,Brighton
Collins1878,Mount Bryan
Collins1886,Yass
Collins1946,Newcastle
Collins1962,Melbourne
Collins1971,Hobart
Colston1938,Brisbane
Comber1919,Broken Hill
Combet1958,Sydney
Conaghan1971,Kempsey
Conelan1895,NA
Connelly,NA
Connolly1939,Sydney
Connor1907,Wollongong
Conquest1930,Quilpie
Conroy1864,Winchelsea
Conroy1963,Ely
Conroy1979,Sydney
Considine1885,County Mayo
Cook1860,Silverdale
HumeCook1866,Kihikihi
Cook1868,Chiltern
Cook1943,Melbourne
Cooke1847,Harrow
Cooke1904,Perth
Cooke1938,Brisbane
Coon1869,Maldon
Coonan1947,Mangoplah
Cooney1934,Currie
Cooper1888,Cheetham Hill
Cope1907,Sydney
Corbett1906,Temora
Corboy1896,Melbourne
Corcoran1951,Melbourne
Cormack1906,Caithness
Cormann1970,Eupen
Corser1852,Birmingham
Corser1882,Maryborough
Costa1900,Warialda
Costello1957,Melbourne
Cotter1935,Yarram
Cotton1915,Broken Hill
Coulter1930,Perth
Coulton1958,Sydney
Courtenay1879,Balmain
Courtice1885,Bundaberg
Courtice1950,Bundaberg
Courtnay1903,Melbourne
Coutts1908,Marburg
Cowan1926,Taree
Cox1863,Pennant Hills
Cox1954,Dunedin
Cramer1897,Quirindi
Crane1941,Perth
Crawford1865,Collingwood
Crawford1947,Toowoomba
Crean1916,Hamilton
Crean1949,Melbourne
Cremean1907,Melbourne
Crewther1983,Mitcham
CrichtonBrowne1944,Wiluna
Critchley1892,Callington
Croft1871,Newcastle
Crook1959,Merredin
Crosio1939,Granville
Cross1929,Brisbane
Crossin1956,Melbourne
Crouch1868,Ballarat East
Crowley1938,Melbourne
Cruickshank1853,Dubbo
Culleton1964,Narrogin
Culley1877,Broadmarsh
Culpin1846,Hertfordshire
Cunningham1879,Wirrabara
Cunningham1889,Inverell
Cunningham1939,Pakenham
Curtin1885,Creswick
Curtin1898,Sydney
Cusack1868,Yass
Daly1891,Thebarton
Daly1912,Currabubula
Danby1955,Melbourne
Dankel1864,Brunswick
Darcey1870,Launceston
Dargavel1966,Traralgon
Darling1936,Brisbane
Dastyari1983,Sāri
DAth1970,Penrith
Davey1972,Sydney
Davidson1897,Toowong
Davidson1915,Unley
Davies1884,Abertillery
Davies1919,NA
Davis1900,Melbourne
Dawkins1947,Perth
Dawson1863,Rockhampton
Day1952,Manchester
Deahm1938,Hurstville
Deakin1856,Melbourne
Dean1913,Sydney
Dean1942,Mackay
Debus1943,Ryde
Dedman1896,Wigtownshire
Dein1889,Orange
deLargie1859,Airdrie
Denman1937,Latrobe
Dennis1870,Melbourne
Devereux1946,Queenstown
Devine1923,NA
Devitt1921,Launceston
Devlin1898,Violet Town
Devlin1926,Burnie
Dick1972,Brisbane
DiNatale1970,Melbourne
Dittmer1904,Dugandan
Dobie1927,Glasgow
Dobson1841,Hobart
Dodd1953,Sydney
Dodson1948,Broome
Dondas1939,Perth
Dooley1884,Tumbarumba
Downer1843,Adelaide
Downer1910,North Adelaide
Downer1951,Adelaide
Doyle1922,Oakey
Drake1850,London
DrakeBrockman1884,Busselton
DrakeBrockman1919,Toodyay
Drakeford1878,Fitzroy
Draper1959,Woodville
Dreyfus1956,Perth
Drum1960,Shepparton
Drummond1890,Lewisham
Drummond1931,Wagga Wagga
Drury1911,Clifton
Drury1912,Adelaide
Dubois1940,Vanuatu
Duffy1938,Mildura
Duncan1883,Armidale
Duncan1945,Melbourne
DuncanHughes1882,Watervale
Duniam1982,Launceston
Dunn1887,Liverpool
Dunn1948,Shanghai
Durack1926,Perth
Duthie1912,Nhill
Dutton1970,Brisbane
Earle1865,Bridgewater
Easson1955,Melbourne
Edmonds1903,Charters Towers
Edwards1842,Montgomeryshire
Edwards1855,Hobart
Edwards1927,Drummoyne
Edwards1945,Perth
Edwards1946,Kalgoorlie
Edwards1962,Clare
Eggins1898,Grafton
Eggleston1941,Busselton
Einfeld1909,Sydney
Eldridge1872,Kolkata
Ellicott1927,Moree
Elliot1967,Brisbane
Elliott1878,Charlton
Elliott1884,Kyneton
Elliott1954,Ballina
Ellis1946,Melbourne
Ellis1977,Melbourne
Ellison1954,Bulawayo
Elson1947,Brisbane
Elstob1924,Toowoomba
Emerson1954,Baradine
Enderby1926,Dubbo
England1911,Sydney
Entsch1950,Babinda
Erwin1917,Winchelsea
Evans1928,Southern Cross
Evans1944,Melbourne
Evans1958,Cuckfield
Evans1981,Tweed Heads
EvansMartyn1953,Birmingham
EvansRichard1953,NA
Evatt1894,East Maitland
Everett1917,Sandy Bay
Everingham1923,Wauchope
Everingham1943,Brisbane
Ewert1918,Brighton
Ewing1856,Pitt Town
Ewing1870,Wollongong
Fadden1894,Ingham
Fahey1945,Wellington
Failes1899,Coonabarabran
Fairbairn1855,Geelong
Fairbairn1897,Wadhurst
Fairbairn1917,Surrey
Fairhall1909,Morpeth
Falconer1943,Melbourne
Falinski1970,Manly
Falkinder1921,Hobart
Falkiner1867,Ararat
Falstein1914,Coffs Harbour
Farmer1962,Sydney
Farrell1954,Murray Bridge
Faruqi1963,Lahore
Fatin1941,Harvey
Faulkner1954,Leeton
Fawcett1963,Narrabri
Feeney1970,Adelaide
Fenton1864,Avoca
Ferguson1830,Kenmore
Ferguson1943,Maitland
Ferguson1952,Sydney
Ferguson1953,Sydney
Ferguson1974,Burnie
Ferricks1875,Maryborough
Ferris1941,Auckland
Field1910,Durrington
Fielding1960,Melbourne
FierravantiWells1960,Wollongong
Fife1929,Wagga Wagga
Fifield1967,Sydney
Filing1955,Wegberg
Findley1864,Bendigo
Finlay1887,Melbourne
Finlayson1867,Kilsyth
Fischer1946,Lockhart
Fisher1862,Crosshouse
Fisher1936,Rainbow
Fisher1962,Beverley
Fisken1897,Ballarat
Fitzgerald1910,Randwick
Fitzgibbon1936,Taree
Fitzgibbon1962,Bellingen
FitzPatrick1915,Broken Hill
Fleming1874,Donald
Fletcher1965,Devizes
Flint1978,Kingston SE
Foley1872,Walhalla
Foll1890,Brixton
Forbes1923,Hobart
Ford1936,Adelaide
Forde1890,Mitchell
Foreman1933,Clare
Forrest1847,Bunbury
Forrest1949,Mildura
Forshaw1952,NA
Foster1856,Goodmanham
Foster1872,Sofala
Foster1884,Adelaide
Foster1921,Adelaide
Fowler1865,Strathaven
Fox1912,Melbourne
Foxton1849,Melbourne
Francis1873,NA
Francis1881,Melbourne
Francis1890,Ipswich
Fraser1832,Pictou
Fraser1889,Forres
Fraser1892,Fairfield
Fraser1902,Carlton
Fraser1908,Derby
Fraser1930,Toorak
Frazer1880,Yarrawonga
Free1943,Bathurst
Freelander1953,Sydney
Freeth1914,Angaston
Frost1882,Hobart
Fry1920,Inverell
Frydenberg1971,Melbourne
Fuller1861,Kiama
Fuller1893,Gundagai
Fulton1909,Cairns
Furner1958,Brisbane
Fysh1835,Highbury
Gabb1882,Glenelg
Gaha1894,Narrabri
Gair1901,Rockhampton
Gallacher1954,New Cumnock
Gallagher1970,Weston Creek
Gallus1943,Adelaide
Galvin1911,Quorn
Gambaro1958,Brisbane
Gander1888,Dubbo
Garden1882,Lossiemouth
Gardiner1867,Orange
Gardner1884,Aberdeen
Garland1934,Perth
Garling1870,Camden
Garrett1953,Sydney
Garrick1918,Melbourne
Gash1944,Groningen
Gayler1943,Toowoomba
Gear1947,Kalgoorlie
Gee1968,Wagga Wagga
Gellibrand1872,Ouse
Georganas1959,Adelaide
George1947,Trani
Georges1920,Darwin
Georgiou1947,Corfu
Georgiou1974,Perth
Gerick1963,Meekatharra
Gibb1843,Campbellfield
Gibbons1887,Parkes
Gibbons1949,Melbourne
Gibbs1879,Carlton North
Gibbs1922,Queensland
Gibbs1947,Liverpool
Gibson1869,Gisborne
Gibson1935,Hobart
Gibson1936,Ascot Vale
Gibson1954,Brisbane
Gichuhi1962,Nyeri County
Gietzelt1920,San Francisco
Giles1923,Adelaide
Giles1928,Minlaton
Giles1973,Melbourne
Gillard1920,Lithgow
Gillard1961,Barry
Gillespie1957,Canberra
Gilmore1908,Wolfram
Givens1864,County Tipperary
Glasgow1876,Tiaro
Glassey1844,Markethill
Glynn1855,Gort
Goodenough1975,Singapore
Goodluck1933,Hobart
Gordon1865,Riverton
Gorman1926,Kandos
Gorman1984,East Fremantle
Gorton1911,Melbourne
Gosling1971,Melbourne
Gould1847,Sydney
Grace1931,Swansea
Grace1940,Ballarat
Graham1867,Christchurch
Graham1919,Sydney
Grant1857,Abernethy
Grant1878,Hobart
Grant1888,Inverness
Grassby1926,Brisbane
Gray1840,York
Gray1908,Hay
Gray1958,Rotherham
Grayden1920,Bickley
Green1869,Avoca
Green1885,NA
Green,NA
Greenup1902,Sydney
Greenwood1926,North Melbourne
Gregory1860,Kyneton
Greig1966,Fremantle
Grierson1951,Newcastle
Griff1957,Adelaide
Griffin1960,Melbourne
Griffiths1903,Jesmond
Griffiths1952,Melbourne
Griggs1969,Adelaide
Grimes1937,Albury
Groom1833,Plymouth
Groom1852,St Marys
Groom1867,Toowoomba
Groom1944,Elsternwick
Guilfoyle1926,Belfast
Gullett1878,Toolamba
Gullett1914,NA
Gun1936,Adelaide
Guthrie1856,Partick
Guthrie1872,Donald
Guy1860,Launceston
Guy1890,Launceston
Haase1945,Southern Cross
Hadley1893,Brisbane
Haines1945,Tanunda
Haines1961,NA
Halbert1910,Meckering
Hale1969,Ipswich
Hall1874,Harrietville
Hall1928,Balaklava
Hall1949,Macksville
Hallett1917,Narrogin
Halverson1937,Springvale
Hamer1923,Melbourne
Hamilton1899,Jarrahdale
Hammond1968,Northam
Hammond1975,Mount Lawley
Hampson1864,White Hills
Hand1942,Melbourne
Handby1903,Adelaide
Hannaford1903,Riverton
Hannan1873,Yorkshire
Hannan1910,Wagga Wagga
Hansen1922,Maryborough
Hanson1954,Brisbane
HansonYoung1981,Melbourne
Hardgrave1960,Sydney
Harding1921,Bowen
Hardy1898,Wagga Wagga
Harney1865,Dublin
Harper1842,Glasgow
Harradine1935,Quorn
Harris1890,Granville
Harris1937,Melbourne
Harris1943,Brisbane
Harrison1880,Stanmore
Harrison1892,Surry Hills
Harrison1903,Port Macquarie
Hart1960,Launceston
Hartnoll1841,Longford
Hartsuyker1959,Muswellbrook
Harvey1946,Adelaide
Haslem1939,Melbourne
Hasluck1905,Fremantle
Hastie1982,Wangaratta
Hatton1951,Sydney
Haviland1952,Sydney
Hawke1929,Bordertown
Hawke1977,Wollongong
Hawker1894,Clare
Hawker1949,Adelaide
Haworth1905,Hawthorn
Hay1865,Auckland
Hayden1933,Brisbane
Hayes1868,Bridgewater
Hayes1955,Sydney
Haylen1898,Gundaroo
Hays1869,Forth
Hearn1921,Launceston
Heatley1920,Townsville
Hedges1856,Hertfordshire
Heffernan1943,Junee
Heitmann1878,Bendigo
Henderson1857,Bedlington
Henderson1964,Geelong
Hendrickson1897,Adelaide Lead
Hendy1962,Brisbane
Henry1946,NA
Henty1903,Longford
Henzell1948,Melbourne
Herron1932,Home Hill
Hewson1914,Korumburra
Hewson1946,Sydney
Hicks1940,Adelaide
Higgins1851,Newtownards
Higgs1862,Wingham
Hill1866,Dunolly
Hill1946,Adelaide
Hill1960,London
Hill1973,Melbourne
Hinch1944,New Plymouth
Hoare1874,Alberton
Hoare1963,Deniliquin
Hockey1965,Sydney
Hodges1937,Brisbane
Hodgman1938,Hobart
Hogan1963,Port Augusta
Hogg1949,Brisbane
Holder1850,Happy Valley
Holding1931,Melbourne
Hollis1938,Wauchope
Holloway1875,Hobart
Holman1871,St Pancras
Holt1908,Stanmore
Holt1914,Launceston
Holten1922,Melbourne
Horne1939,Newcastle
Howard1939,Earlwood
Howarth1972,Brisbane
Howe1861,Newcastle upon Tyne
Howe1936,Melbourne
Howroyd1867,Yorkshire
Howse1863,Stogursey
Howse1913,Orange
Howson1919,London
Hughes,Adelaide
Hughes1862,London
Hughes1923,Sydney
Hull1954,Guyra
Hulls1957,NA
Hulme1907,Mosman
Hume1971,Melbourne
Humphreys1934,Brisbane
Humphries1958,Sydney
Hunt1928,Narrabri
Hunt1965,Melbourne
Hunter1882,Springburn
Hurford1931,Dr. Ambedkar Nagar
Hurley1955,Adelaide
Hurry1868,Kyneton
Husar1980,Kingswood
Husic1970,Sydney
Hutchin1887,Bathurst
Hutchins1956,Sydney
Hutchinson1904,Maindample
Hutchinson1965,Launceston
Hutchison1859,Aberdeen
Hyde1936,Western Australia
Innes1925,Melbourne
Irons1958,Melbourne
Irvine1856,Melbourne
Irvine1858,Newry
Irwin1898,Newcastle
Irwin1951,Sydney
Isaacs1855,Melbourne
Jack1892,Dundee
Jackson1889,Launceston
Jackson1962,Perth
Jacobi1928,Keswick
Jakobsen1947,Auckland
James1885,Lambton
James1914,Collie
Jarman1923,Melbourne
Jeanes1958,Glenelg
Jenkins1925,Melbourne
Jenkins1938,Bristol
Jenkins1952,Melbourne
Jennings1878,Melbourne
Jensen1865,Ballarat
Jensen1962,Johannesburg
Jess1922,Melbourne
Jessop1927,Unley Park
Johns1952,Melbourne
Johnson1862,Newcastle upon Tyne
Johnson1871,Yass
Johnson1889,Northampton
Johnson1924,Enfield
Johnson1929,Melbourne
Johnson1943,Sydney
Johnson1970,Hong Kong
Johnston1880,Geraldton
Johnston1930,NA
Johnston1943,Meissen
Johnston1956,Perth
Jolley1874,Maryborough
Jolly1882,Spring Hill
Jones1878,Gaffneys Creek
Jones1917,Newcastle
Jones1944,Adelaide
Jones1960,Quilpie
Jones1965,Wollongong
JonesBarry1932,Geelong
JonesGerry1932,Roma
Joshua1906,Prahran
Joske1895,Melbourne
Jowett1858,Bradford
Joyce1967,Tamworth
Jull1944,Kingaroy
KakoschkeMoore1985,Darwin
Kane1908,Burraga
Katter1918,South Brisbane
Katter1945,Cloncurry
Katz1887,Adelaide
Keane1881,Beechworth
Kearney1903,Armidale
Kearney1963,Melbourne
Keating1872,Hobart
Keating1944,Bankstown
Keay1975,Devonport
Keeffe1919,Atherton
Keenan1972,Perth
Kekwick1910,Adelaide
Kelly1877,Sydney
Kelly1912,Tarlee
Kelly1948,Sydney
Kelly1954,Rockhampton
Kelly1960,Adelaide
Kelly1963,Sydney
Kelly1964,Upper Hutt
Kemp1941,Melbourne
Kemp1944,Melbourne
Kendall1899,Battersea
Kendell1851,Mount Pleasant
Keneally1968,Las Vegas
Kennedy1860,Gisborne
Kennedy1940,Ulverstone
Kennelly1900,Northcote
Kent1927,Subotica
KentHughes1895,East Melbourne
Keogh1931,NA
Keogh1981,Armadale
Keon1915,Carlton
Kerby1885,Sydney
Kerin1937,Bowral
Kernot1948,Maitland
Kerr1952,Hobart
Ketter1961,Brisbane
Khalil1973,Melbourne
Kilgariff1923,Adelaide
Killen1860,Ireland
Killen1925,Dalby
King1920,Warracknabeal
King1952,Bingara
King1966,Melbourne
King1973,Calista
Kingsmill1864,Glenelg
Kingston1850,Adelaide
Kirk1967,Adelaide
Kirwan1869,Liverpool
Kirwan1937,Norseman
Kitching1970,Brisbane
Klugman1924,Vienna
Kneebone1876,Wallaroo
Knight1943,Armidale
Knott1956,Sydney
Knowles1951,Brisbane
Knox1850,Melbourne
Kroger1959,Melbourne
Lacey1887,Terowie
Lacey1900,Maryborough
Lajovic1921,Ljubljana
Lamb1939,Horsham
Lamb1972,Mackay
Lambert1881,Orange
Lambie1971,Ulverstone
Laming1966,Hobart
Lamond1865,Berry
Lamp1895,Hobart
Landry1962,Rockhampton
Lane1873,Windsor
Lang1876,Sydney
Langmore1939,NA
Langtry1880,Kyabram
Large1878,Northfleet
Latham1877,Ascot Vale
Latham1882,Hythe
Latham1961,Ashcroft
Laucke1914,Greenock
Laught1907,Mitcham
Laundy1971,Sydney
Lavarch1961,NA
Lavelle1887,Liverpool
Lawler1961,Dubbo
Lawrence1906,Horsham
Lawrence1948,Northam
Lawrie1907,Lorn
Lawson1875,Dunolly
Lawson1880,South Pine River
Lawson1897,Sydney
Lazarus1965,Queanbeyan
Lazzarini1894,Young
Leckie1872,Alexandra
Lee1856,Gerringong
Lee1920,Broadford
Lee1957,Sydney
Lees1948,Mount Riverview
Leeser1976,Sydney
Leigh1972,Sydney
Lemmon1908,Williamstown
Leslie1900,Durban
Lewis1882,Melbourne
Lewis1932,Melbourne
Ley1879,Bath
Ley1961,Kano
Leyonhjelm1952,Nhill
Liddell1862,Maitland
Lieberman1938,Swan Hill
Lightfoot1936,Port Lincoln
Lillico1905,Penguin
Lindgren1969,Brisbane
Lindsay1905,Norwich
Lindsay1942,Tully
Lindsay1944,Brisbane
Lines1953,Perth
Lister1875,Lincolnshire
Little1914,Maryborough
Littleproud1976,Chinchilla
Liu1964,Hong Kong
Livermore1969,Mackay
Livingston1856,Mount Gambier
Lloyd1937,Melbourne
Lloyd1954,Sydney
Long1870,Forth
Long1885,Newcastle
Lonsdale1843,Morpeth
Loosley1952,Carlton
Luchetti1904,Lowther
Luck1900,West Tamar Council
Lucock1916,Eltham
Ludlam1970,Palmerston North
Ludwig1959,Longreach
Lundy1967,NA
Lusher1945,Sydney
Lynch1862,Young
Lynch1867,Skearke
Lynch1933,Carlton
Lyne1844,Swansea
Lyons1879,Stanley
Lyons1897,Smithton
Lyons1953,Sydney
MacDonald1880,Opotiki
MacDonald1892,Lochee
Macdonald1945,Brisbane
Macdonald1954,Quirindi
MacdonaldPaterson1844,Glasgow
Macfarlane1844,Glasgow
Macfarlane1955,Kingaroy
MacGibbon1934,Brisbane
Mack1933,Paddington
Mackay1872,Clermont
Mackay1919,Brighton
Mackay1960,Aberdeen
Mackellar1844,Sydney
MacKellar1938,Moree
MacKenzie1941,Melbourne
Mackinnon1903,Melbourne
Macklin1943,Cricklewood
Macklin1953,Brisbane
Macphee1938,Sydney
MacTiernan1953,East Melbourne
Madigan1966,Melbourne
Maguire1945,Adelaide
Maher1891,Forbes
Maher1936,Sydney
Mahon1857,Killurin
Mahoney1892,Railton
Mahony1877,Ireland
Maisey1915,Goomalling
Makin1889,Petersham
Maloney1854,West Melbourne
Manifold1867,Camperdown
Mann1874,Mount Gambier
Manning1872,Wagga Wagga
Marek1964,Mount Isa
Margetts1955,Fremantle
Marino1954,Harvey
Marks1875,Jamberoo
Markus1958,Epping
Marles1967,Geelong
Marr1880,Petersham
Marriott1913,Elliott
Marshall1960,Melbourne
Martens1874,Mount Perry
Martin1920,Sydney
Martin1948,Wollongong
Martin1960,Devonport
Martin1977,Sydney
Martyr1932,Melbourne
Marwick1895,York
Mason1926,Auckland
Mason1962,Canberra
MassyGreene1874,Camberwell
Matheson1861,Mayfair
Matheson1958,Brisbane
Mathews1865,NA
Mathews1935,Hawthorn
Mattner1893,Oakbank
Mauger1857,Geelong
Maughan1863,Whitechapel
Maunsell1922,Cairns
Maxwell1859,Montrose
May1950,Ba
Mayer1932,Kaniva
McAllister1973,Murwillumbah
McArthur1937,Melbourne
McAuliffe1918,Brisbane
McBride1892,Burra
McBride1975,Sydney
McCall1908,Chatswood
McCallum1892,Mittagong
McCarthy1970,Katherine
McCay1864,Ballynure
McClelland1875,Smeaton
McClelland1915,Melbourne
McClelland1926,Wentworthville
McClelland1958,Sydney
McColl1844,South Shields
McColm1914,Cardiff
McCormack1964,Wagga Wagga
McDonald,Cloncurry
McDonald1861,North Melbourne
McDonald1872,NA
McDonald1888,Winchelsea
McDougall1857,Pyrmont
McDougall1867,Learmonth
McDougall1946,New South Wales
McEacharn1852,London
McEwen1900,Chiltern
McEwen1954,Adelaide
McFarlane1944,Sydney
McGauran1955,Yallourn
McGauran1957,Traralgon
McGowan1953,Albury
McGrath1872,Newtown
McGrath1974,Toowoomba
McGregor1848,Kilmun
McGuren1909,Grafton
McHugh1887,Adelaide
McHugh1892,Quorn
McHugh1934,Kandos
McIntosh1925,Glasgow
McIntosh1977,Penrith
McIvor1900,Melbourne
McKellar1903,Gulgong
McKenna1895,Carlton
McKenzie1933,Melbourne
McKenzie1969,Alexandra
McKew1953,Brisbane
McKiernan1944,Cavan
McKim1965,Lambeth
McKissock1872,Ballarat
McLachlan1870,Alma
McLachlan1872,Naracoorte
McLachlan1936,North Adelaide
McLaren1921,Koroit
McLean1840,Oban
McLean1863,Sydney
McLean1937,Belmont
McLean1944,NA
McLeay1893,Clinton
McLeay1892,Clinton
McLeay1922,Adelaide
McLeay1945,Sydney
McLeod1892,Strathmerton
McLucas1958,Atherton
McMahon1908,Redfern
McMahon1930,Sydney
McMahon1967,Sydney
McManus1905,North Melbourne
McMillan1850,Derry
McMullan1947,Perth
McMullin1900,Scone
McNamara1964,Falkirk
McNeill1868,Tantanoola
McNeill1921,Yarloop
McNicoll1877,South Melbourne
McTiernan1892,Glen Innes
McVeigh1930,Allora
McVeigh1965,Allora
McWilliams1856,Bream Creek
Melham1954,Sydney
Melzer1926,Elsternwick
Menzies1894,Jeparit
Messner1939,Melbourne
Mildren1932,Colac
Miles1947,Ulverstone
Millar1925,Adelaide
Millen1860,Deal
Millen1877,Derry
Milliner1911,Kelvin Grove
Milne1953,Latrobe
Milton1928,London
Minchin1953,Sydney
Minogue1893,Feakle
Mirabella1968,Melbourne
Missen1925,Melbourne
MitchellBrian1967,Coventry
MitchellRobert1967,Melbourne
Molan1950,East Melbourne
Moloney1876,Port Fairy
Monaghan1921,Sydney
Mooney1880,Eurobodalla Shire
Moore1936,Rockhampton
Moore1956,Toowoomba
Morgan1881,Warwick
Morgan1897,Woonona
Morris1903,Brisbane
Morris1932,NA
Morris1936,Edgeworth
Morris1940,Waratah
Morrison1928,Lithgow
Morrison1968,Sydney
Morrow1888,Rockhampton
Mortimer1912,Magill
Morton1981,Gosford
Mossfield1935,Sydney
Mountford1933,Sydney
Mountjoy1906,Middle Swan
Moylan1944,Guildford
Muir1980,Maffra
Mulcahy1850,Limerick
Mulcahy1882,Milltown
Mulder1928,Sydney
Mulino1969,Brindisi
Mullan1871,Dublin
Mullens1896,Ballarat
Mulvihill1919,North Ryde
Munro1930,Sydney
Murphy1922,Kensington
Murphy1950,Dunedoo
Murphy1952,Queenstown
Murphy1973,Goulburn
Murray1906,Wellington
Murray1915,NA
Murray1947,Hove
Mutch1956,Sydney
Nairn1879,Alberton
Nairn1951,Sydney
Nash1890,Ascot Vale
Nash1965,Sydney
Neal1947,Wangaratta
Neal1963,Brisbane
Needham1872,Ormskirk
Negus1912,Leederville
Nehl1934,Newcastle
Neil1944,Manchester
Neild1846,Bristol
Nelson1881,Botany
Nelson1908,Bundaberg
Nelson1958,Melbourne
Nettle1973,Sydney
Neumann1961,Ipswich
Neville1940,Warwick
Newell1952,Sydney
Newlands1864,Nairnshire
Newman1933,Sydney
Newman1937,Melbourne
Nicholls1885,Mudgee
Nicholls1894,Wilmington
Nicholls1917,Adelaide
Nikolic1961,Yugoslavia
Nixon1928,Orbost
Nock1879,Salisbury
Nott1888,Bundaberg
Nugent1938,Chelmsford
Oakes1861,Wagga Wagga
Oakeshott1969,Lismore
OBrien1926,Newcastle
OBrien1951,Sydney
OBrien1972,Mona Vale
OBrien1974,Brisbane
OByrne1912,Launceston
OByrne1968,Launceston
OChee1965,Brisbane
OConnor1851,Glebe
OConnor1910,NA
OConnor1947,Colac
OConnor1962,London
ODowd1950,Gladstone
ODwyer1977,Melbourne
OFlaherty1886,Silverton
Ogden1868,Durdidwarrah
OHalloran1893,Yanyarrie
OKeefe1864,Longford
OKeefe1912,Gunnedah
OKeefe1947,Melbourne
Oldmeadow1924,Melbourne
Olley1927,Sydney
OLoghlin1852,Gumeracha
Olsen1945,Kadina
OMalley1854,Valley Falls
ONeil1937,Port Pirie
ONeil1980,Melbourne
ONeill1961,Parramatta
Opperman1904,Rochester
Orchard1871,Maryborough
Organ1956,Bulli
Ormonde1901,Kirkcaldy
Osborne1909,Orange
OSullivan1900,Toowong
OSullivan1957,Gogango
OSullivan1986,NA
OToole1956,Townsville
Owens1958,Rockhampton
Ozanne1877,Melbourne
Page1861,Bethnal Green
Page1880,Grafton
Palmer1859,Melbourne
Palmer1954,Melbourne
Paltridge1910,Leederville
Panizza1931,Southern Cross
Parer1936,Wau
Parke1966,Donnybrook
Parkhill1879,Paddington
Parry1960,Burnie
Parsons1881,North Adelaide
Pasin1977,Mount Gambier
Paterson1844,Greenock
Paterson1882,Aston
Paterson1987,Melbourne
Patrick1967,Whakatane
Patten1859,Brixton
Patterson1927,Bundaberg
Patterson1944,Sydney
Payne1866,Hobart
Payne1964,Sydney
Payne1982,Garran
Peacock1939,Melbourne
Pearch1967,Wynyard
Pearce1870,Mount Barker
Pearce1917,Rockhampton
Pearce1963,Lismore
Pearsall1920,Hobart
Pearson1905,Kadina
Peris1971,Darwin
Perkins1878,Gocup
Perrett1966,St George
Peters1897,Melbourne
Pettitt1910,Geelong
Phelps1957,Sydney
Phillips,Nowra
Phillips1855,Blackwood
Piesse1848,Hobart
Piesse1900,Katanning
Pigott1866,Sri Lanka
Pitt1969,Bundaberg
Pittard1902,Ballarat
Plain1868,Peeblesshire
Playford1837,NA
Plibersek1969,Sydney
Poke1906,Somerset
Pollard1894,Castlemaine
Polley1957,Ulverstone
Porter1950,Adelaide
Porter1970,Perth
Poulter1913,Devonport
Powell1942,Nhill
Power1883,Hay
Poynton1853,Castlemaine
Poyser1915,Ballarat
Pratt1948,Blyth
Pratt1972,Kalgoorlie
Pratten1865,Mangotsfield
Pratten1899,Leichhardt
Prentice1953,Melbourne
Price1882,Liverpool
Price1892,North Adelaide
Price1945,Sydney
Price1963,Kalgoorlie
Primmer1924,Warrnambool
Prosser1948,Bunbury
Prowse1871,Adelong
Prowse1905,Mount Kokeby
Pulsford1844,Burslem
Punch1957,Arncliffe
Puplick1948,London
Pyne1967,Adelaide
Quick1852,St Ives
Quick1941,Melbourne
Quirke1950,Birkenhead
Rae1860,Christchurch
Rae1932,Launceston
Raguse1960,Brisbane
Ramsey1956,Kimba
Randall1953,Merredin
Rankin1887,Bamawm
Rankin1908,Brisbane
Ray1947,Melbourne
Rea1963,Bundaberg
Ready1878,Latrobe
Reeves1952,Stanthorpe
Reid1842,Leven
Reid1845,Johnstone
Reid1856,Ayrshire
Reid1886,Murrumburrah
Reid1916,Clifton Hill
Reid1933,Bridgetown
ReidMargaret1935,Crystal Brook
ReidNicholas1935,Bendigo
Reith1950,Melbourne
Rennick1970,Chinchilla
Reynolds1923,Harden
Reynolds1941,Hobart
Reynolds1965,Gooseberry Hill
Rhiannon1951,Sydney
Rice1960,Melbourne
Richardson1939,Perth
Richardson1949,Sydney
Richardson1958,Adelaide
Ridgeway1962,Macksville
Ridley1909,Kalgoorlie
Riggall1941,Melbourne
Riley1859,Glasgow
Riley1892,NA
Riordan1886,Mackay
Riordan1908,Chillagoe
Riordan1930,Sydney
Ripoll1966,Pézenas
Rishworth1978,Adelaide
Robb1951,Epping
Robert1970,Cranbourne
Roberton1900,Glasgow
Roberts1869,London
Roberts1955,Dishergarh
Robertson1882,Stepney
Robertson1929,Albany
Robinson1872,Carlton
Robinson1877,Lyndoch
Robinson1907,Hertford
Robinson1927,Coraki
Robinson1929,East Brisbane
Rocher1936,Deloraine
Rodgers1875,Geelong
Ronald1861,Scotland
Ronaldson1954,Ballarat
Rosevear1892,Pyrmont
Rowe1872,NA
Rowell1851,Cambridge
Rowland1971,Sydney
Roxon1967,Sydney
Roy1990,Buderim
Rudd1957,Nambour
Ruddock1943,Canberra
Russell1842,Glassford
Russell1878,Warrnambool
Russell1890,Booleroo Centre
Russell1907,Manilla
Ruston1963,Renmark
Ryan1876,Port Fairy
Ryan1884,Melbourne
Ryan1890,Adelaide
Ryan1942,Sydney
Ryan1961,Werribee
Ryan1973,Brisbane
Ryrie1865,Michelago
Saffin1954,Ipswich
Sainsbury1940,Wollongong
Salmon1861,Amherst
Sampson1863,Creswick
Sampson1882,Launceston
Sanders1932,Cleveland
Sandford1895,Creswick
Santoro1956,Sicily
Sargood1834,Walworth
Saunders1855,London
Saunderson1948,Berkshire
Sawers1844,Stirlingshire
Sawford1944,Adelaide
Sayers1845,Cowes
Scarr1969,NA
Schacht1946,Melbourne
Scholes1931,Melbourne
Scholfield1894,Telangatuk East
Schultz1939,Melbourne
Sciacca1947,Sicily
Scott1910,Bridgetown
Scott1920,Adelaide
Scott1934,Hamilton
Scott1943,Roma
Scott1947,Nambour
Scott1977,Penrith
Scullin1876,Trawalla
Scullion1956,London
Scully1890,Bective
Seabrook1867,Hobart
Secker1956,Happy Valley
Senior1850,Holmfirth
Sercombe1949,Melbourne
Seselja1977,Canberra
Seward1884,Rochester
Sexton1905,Strathalbyn
Shack1953,Perth
Shannon1862,Moculta
Sharkie1972,Torbay
Sharma1975,Vancouver
Sharp1954,Sydney
Sharpe1868,Kiama
Shaw1913,Rockhampton
Sheehan1885,Castlemaine
Sheehan1891,Sydney
Sheehy1899,Adelaide
Sheil1929,Sydney
Sheldon1961,Caringbah
Sherrington1902,Maryborough
Sherry1924,Sydney
Sherry1955,London
Shipton1936,Melbourne
Short1936,Shepparton
Short1956,Gresford
Shorten1967,Fitzroy
Sibraa1937,Sydney
Siddons1927,Melbourne
Sidebottom1951,Hobart
Siewert1961,Sydney
Sim1917,Colac
Simmonds1985,Brisbane
Simmonds1889,Cairns
Simmons1947,Broken Hill
Simms1984,Yorkshire
Simon1936,Melbourne
Simpkins1964,Sydney
Sinclair1864,Southampton
Sinclair1929,Sydney
Singh1972,Hobart
Sinodinos1957,Newcastle
Skene1845,Ballarat
Slipper1950,Ipswich
Smith1851,Rotherhithe
Smith1856,Colyton
Smith1881,Kent
Smith1939,Burnie
Smith1950,NA
Smith1954,Launceston
Smith1955,Narrogin
Smith1967,Melbourne
Smith1969,Perth
Smith1970,Canberra
Smith1986,Sydney
SmithMiles1869,Kingston
SmithWilliam1869,Westbury
Smyth1959,Sydney
Smyth1976,Belfast
Snedden1926,West Perth
Snow1934,Surrey Hills
Snowdon1950,Canberra
Solomon1839,London
Solomon1853,Adelaide
Solomon1931,Condobolin
Somlyay1946,Budapest
Southcott1967,Adelaide
Sowada1961,Sydney
Spence1846,Eday
Spender1897,Sydney
Spender1935,Sydney
Spender1975,Brisbane
Spicer1899,Prahran
Spindler1932,Łódź
Spooner1891,Redfern
Spooner1897,Surry Hills
Spurr1897,Deloraine
Stacey1879,Carey Gully
Staley1939,NA
Stanley1961,Sydney
Staples1947,Melbourne
StClair1949,Sydney
Steedman1943,NA
SteeleJohn1994,Northampton
Steggall1974,Sydney
Stephens1954,Wicklow
Sterle1960,Melbourne
Stevens1983,Adelaide
Stewart1850,Grantown-on-Spey
Stewart1884,Newcastle
Stewart1885,Footscray
Stewart1923,Belmore
StJohn1916,Boggabri
StLedger1859,Barnsley
Stoker1982,Liverpool
Stokes1906,North Melbourne
Stone1929,Perth
Stone1951,Pyramid Hill
Storer1969,Loxton
Storrer1854,Legana
Story1857,Adelaide
StottDespoja1969,Adelaide
Street1894,Woollahra
Street1926,NA
Stumm1853,Frankfurt
Styles1841,Croydon
Sudmalis1955,Milton
Sukkar1981,Melbourne
Sullivan1929,Narrandera
Sullivan1942,Brisbane
Sullivan1950,Bulli
Swan1954,Nambour
Swanson1970,Kurri Kurri
Swartz1911,Brisbane
Symon1846,Wick
Symon1965,Box Hill
Synon1959,Gippsland
Tambling1943,Darwin
Tangney1907,North Perth
Tanner1956,Orbost
Tate1894,Wellington
Tate1945,Sydney
Taylor1938,Toowoomba
Taylor1966,Nimmitabel
Tchen1941,Chongqing
Teague1944,Adelaide
Tehan1916,Kyabram
Tehan1968,Melbourne
Templeman1963,Sydney
Theodore1884,Adelaide
Theophanous1946,Paphos
Thistlethwaite1972,Sydney
Thomas1863,Camborne
Thomas1936,NA
Thompson1863,Lurgan
Thompson1885,Sydney
Thompson1886,Rosewater
Thompson1960,Rockhampton
Thompson1988,Armidale
Thomson1848,Camberwell
Thomson1856,Prahran
Thomson1862,Taree
Thomson1924,Sale
Thomson1955,Coburg
Thomson1961,Melbourne
Thomson1964,Wellington
Thorburn1930,Sydney
Thorby1888,Annandale
Thorp1953,Hobart
Thwaites1980,Melbourne
Ticehurst1945,Forbes
Tickner1951,Sydney
Tierney1946,Cooma
Tillem1974,Tavas
Timson1909,Melbourne
Tollner1966,Biloela
Toohey1909,Rose Park
Townley1907,Hobart
Townley1934,Hobart
Treloar1892,Tamworth
Trenwith1846,Launceston
Trevor1961,Clermont
Troeth1940,Melbourne
Trood1948,Melbourne
Truss1948,Kingaroy
Tuckey1935,Perth
Tudge1971,Pakenham
Tudor1866,Williamstown
Tully1877,Grafton
Turley1859,Gloucestershire
Turnbull1899,Hamilton
Turnbull1908,Shanghai
Turnbull1954,Sydney
Turner1851,Melbourne
Turner1905,Woolwich
Turnour1966,NA
Uppill1876,Nantawarra
Uren1921,Balmain
Urquhart1957,Latrobe
Vaile1956,Sydney
Vale1944,Sydney
Vallentine1946,Perth
Vamvakinou1959,Lefkada
Van,NA
vanManen1965,Brisbane
Vanstone1952,Adelaide
Vardon1843,Hindmarsh
Vardon1866,Hindmarsh
Varvaris1974,Sydney
Vasta1966,Melbourne
Verran1856,Gwennap
Vigor1939,Elbeuf
Vincent1906,Leonora
Viner1933,Claremont
Wade1905,Clear Lake
Wakelin1946,Kimba
Walker1841,Edinburgh
Walker1942,Sydney
Wallace1881,Sydney
Wallace1968,Melbourne
Wallis1922,Thornleigh
Walsh1971,NA
Walsh1935,Kellerberrin
Walters1925,Sydney
Wang1981,Nanjing
Ward1872,Bowden
Ward1899,Darlington
Wardlaw1888,Mathinna
Washer1945,Bunbury
Waters1977,Winnipeg
Watkins1865,Wallsend
Watkins1896,Wallsend
Watson1864,Campbells Creek
Watson1867,Valparaíso
Watson1870,Lanarkshire
Watson1937,Launceston
Watson1945,Sydney
Watt1871,Barfold
Watt1973,Brisbane
Watts1982,Toowoomba
Webb1908,England
Webber1965,Melbourne
Webster,NA
Webster1860,Everton
Webster1925,Flinders Island
Webster1934,East Maitland
Wedgwood1896,Malvern
Wells,Brisbane
Wells1949,Hiroshima
Wentworth1907,Sydney
West1852,Lambeth
West1934,Forbes
West1947,Cowra
West1952,Brisbane
Whan1933,Wodonga
Wheeldon1929,Subiaco
Wheeler1909,Gosford
Wheelwright1953,Huddersfield
WhishWilson1968,Singapore
White1888,North Melbourne
White1936,Brisbane
Whiteley1960,Burnie
Whiteside1902,Footscray
Whitlam1916,Gough Whitlam's birthplace
Whitlam1944,Elizabeth Bay
Whitsitt1869,Rosslea
Whittorn1911,Sydney
Wicks1973,Canberra
Wienholt1877,Goomburra
Wight1914,Mudgee
Wilkie1959,Perth
Wilkie1961,Tamworth
Wilkinson1854,Ipswich
Wilkinson1903,Perth
Wilks1863,Sydney
Willesee1916,Derby
Williams1897,Young
Williams1942,NA
Williams1955,Jamestown
Williams1973,Adelaide
Willis1860,Port Adelaide
Willis1938,NA
Wilson1863,Melbourne
Wilson1877,Adelaide
Wilson1880,County Down
Wilson1900,Adelaide
Wilson1932,Adelaide
Wilson1966,Katanning
Wilson1972,Westminster
Wilson1980,Prahran
Wilton1955,Melbourne
Windsor1950,Quirindi
Wise1853,Melbourne
Withers1924,Bunbury
Wong1968,Kota Kinabalu
Wood1901,Mackay
Wood1949,Gateshead
Wood1968,Sutherland
Woodley1938,Brisbane
WoodsHarry1947,Darlinghurst
WoodsRobert1947,London
Wooldridge1956,Melbourne
Wordsworth1894,Collarenebri
Worth1946,Riverton
Wortley1959,Adelaide
Wriedt1927,Fitzroy
Wright1905,Castra
Wright1942,Toowoomba
Wright1961,Red Cliffs
Wyatt1952,Bunbury
Wynne1850,London
Xenophon1959,Adelaide
Yates1871,Staffordshire
Yates1921,Appleby-in-Westmorland
Young1923,Port Broughton
Young1936,Sydney
Young1968,Brisbane
Zahra1973,Malta
Zakharov1929,Kew
Zammit1941,Alexandria
Zappia1952,Platì
Zeal1830,Westbury
Zimmerman1968,Sydney
