name,page
"ABBOTT, Edward",https://www.parliament.tas.gov.au/history/tasparl/abbotte2.htm
"ABBOTT, Nigel Drury Gresley",https://www.parliament.tas.gov.au/history/tasparl/abbottn562.htm
"ADAMS, Godfrey Harry",https://www.parliament.tas.gov.au/history/tasparl/AdamsG623.htm
"ADAMS, Robert Patten",https://www.parliament.tas.gov.au/history/tasparl/adamsr45.htm
"AGNEW, James Wilson",https://www.parliament.tas.gov.au/history/tasparl/agnewj135.htm
"AIKENHEAD, James",https://www.parliament.tas.gov.au/history/tasparl/aikenheadj107.htm
"AIKENHEAD, William",https://www.parliament.tas.gov.au/history/tasparl/aikenheadw251.htm
"AIRD, Michael Anthony",https://www.parliament.tas.gov.au/history/tasparl/Airdm624.htm
"ALLEN, Charles Winnett",https://www.parliament.tas.gov.au/history/tasparl/allenc294.htm
"ALLISON, William Race",https://www.parliament.tas.gov.au/history/tasparl/allisonw1.htm
"AMOS, Julian John",https://www.parliament.tas.gov.au/history/tasparl/amosj610.htm
"ANDERSON, Arthur",https://www.parliament.tas.gov.au/history/tasparl/andersona329.htm
"ANDERSON, Russell Charles",https://www.parliament.tas.gov.au/history/tasparl/andersonr711.htm
"ANDERSON, William",https://www.parliament.tas.gov.au/history/tasparl/andersonw560.htm
"ANSTEY, Henry Frampton",https://www.parliament.tas.gov.au/history/tasparl/ansteyh3.htm
"ARCHER, Basil",https://www.parliament.tas.gov.au/history/tasparl/archerb149.htm
"ARCHER, Compton Abbott",https://www.parliament.tas.gov.au/history/tasparl/archerc467.htm
,https://www.parliament.tas.gov.au/history/tasparl/archerc467.htm
"ARCHER, Elise Nicole",https://www.parliament.tas.gov.au/history/tasparl/archer751.htm
"ARCHER, Frank",https://www.parliament.tas.gov.au/history/tasparl/archerf240.htm
"ARCHER, John Kinder",https://www.parliament.tas.gov.au/history/tasparl/archerj46.htm
"ARCHER, Joseph",https://www.parliament.tas.gov.au/history/tasparl/archerj57.htm
"ARCHER, Richard Clive",https://www.parliament.tas.gov.au/history/tasparl/archerr632.htm
"ARCHER, Robert Joseph",https://www.parliament.tas.gov.au/history/tasparl/archerr102.htm
"ARCHER, William Henry Davies",https://www.parliament.tas.gov.au/history/tasparl/archerw184.htm
"ARCHER, William",https://www.parliament.tas.gov.au/history/tasparl/archerw52.htm
"ARMITAGE, Rosemary Lois",https://www.parliament.tas.gov.au/history/tasparl/armitageR763.htm
"ARMSTRONG, Lance John Edward",https://www.parliament.tas.gov.au/history/tasparl/armstrongl673.htm
"ARMSTRONG, Robert Henry",https://www.parliament.tas.gov.au/history/tasparl/armstrong_R_LC_775.html
"ATKINS, Alexander Charles",https://www.parliament.tas.gov.au/history/tasparl/atkinsa477.htm
"ATKINS, Charles Norman",https://www.parliament.tas.gov.au/history/tasparl/atkinsc448.htm
"ATKINSON, Llewellyn",https://www.parliament.tas.gov.au/history/tasparl/atkinsonl408.htm
"AULICH, Terrence Gordon",https://www.parliament.tas.gov.au/history/tasparl/aulicht607.htm
"AUSTIN, Kenneth Ernest",https://www.parliament.tas.gov.au/history/tasparl/austink561.htm
"AVRAM, THE DUKE OF (John Charlton)",https://www.parliament.tas.gov.au/history/tasparl/avram676.htm
"AYLETT, Charley Bischoff",https://www.parliament.tas.gov.au/history/tasparl/aylettc478.htm
,https://www.parliament.tas.gov.au/history/tasparl/austink561.htm
"BACON, James Alexander",https://www.parliament.tas.gov.au/history/tasparl/baconj700.htm
"BACON, Kenneth John",https://www.parliament.tas.gov.au/history/tasparl/baconk713.htm
"BACON, Scott",https://www.parliament.tas.gov.au/history/tasparl/bacon752.htm
"BAILEY, Raymond Frederick",https://www.parliament.tas.gov.au/history/tasparl/baileyr683.htm
"BAKER, Robert Wilfred",https://www.parliament.tas.gov.au/history/tasparl/bakerr575.htm
"BAKER, Henry Seymour",https://www.parliament.tas.gov.au/history/tasparl/bakerh400.htm
"BAKHAP, Thomas Jerome Kingston",https://www.parliament.tas.gov.au/history/tasparl/bakhapt309.htm
"BALDOCK, Darrel John",https://www.parliament.tas.gov.au/history/tasparl/baldockd588.htm
"BALFE, John Donnellan",https://www.parliament.tas.gov.au/history/tasparl/balfej4.htm
"BARBER, Howard Charles Linney",https://www.parliament.tas.gov.au/history/tasparl/barberh409.htm
"BARKER, John Scott",https://www.parliament.tas.gov.au/history/tasparl/barkerj670.htm
"BARKER, Vincent William",https://www.parliament.tas.gov.au/history/tasparl/barkerv323.htm
"BARKER, Wilfred George",https://www.parliament.tas.gov.au/history/tasparl/barkerw556.htm
BARNARD Eric Walter,https://www.parliament.tas.gov.au/history/tasparl/barnarde535.htm
"BARNARD, Herbert Claude",https://www.parliament.tas.gov.au/history/tasparl/barnardh506.htm
"BARNARD, Michael Thomas Claude",https://www.parliament.tas.gov.au/history/tasparl/barnardm576.htm
"BARNES, William",https://www.parliament.tas.gov.au/history/tasparl/barnesw91.htm
"BARNETT, Guy",https://www.parliament.tas.gov.au/history/tasparl/barnett_G_HA_770.html
"BARRENGER, Timothy Alan",https://www.parliament.tas.gov.au/history/tasparl/barrengert577.htm
"BARRETT, Hugh Sunderland",https://www.parliament.tas.gov.au/history/tasparl/barretth92.htm
"BARRETT, Peter",https://www.parliament.tas.gov.au/history/tasparl/barrettp198.htm
"BARTLETT, David John",https://www.parliament.tas.gov.au/history/tasparl/bartlett_d706.htm
"BATCHELOR, William Eastgate",https://www.parliament.tas.gov.au/history/tasparl/batchelorw287.htm
"BATES, Gerard Maxwell",https://www.parliament.tas.gov.au/history/tasparl/batesg653.htm
"BATT, Charles Leo",https://www.parliament.tas.gov.au/history/tasparl/battc602.htm
"BATT, Christopher Lawrence",https://www.parliament.tas.gov.au/history/tasparl/battc669.htm
"BATT, Neil Leonard Charles",https://www.parliament.tas.gov.au/history/tasparl/battn578.htm
"BEATTIE, Eric William",https://www.parliament.tas.gov.au/history/tasparl/beattiee479.htm
"BEATTIE, John Maxwell",https://www.parliament.tas.gov.au/history/tasparl/beattiej589.htm
"BECKER, George Godfrey",https://www.parliament.tas.gov.au/history/tasparl/beckerg322.htm
"BEDFORD, Edward Samuel Pickard",https://www.parliament.tas.gov.au/history/tasparl/bedforde8.htm
"BELBIN, William",https://www.parliament.tas.gov.au/history/tasparl/belbinw105.htm
"BELTON, James",https://www.parliament.tas.gov.au/history/tasparl/beltonj310.htm
"BENDALL, Albert William",https://www.parliament.tas.gov.au/history/tasparl/bendalla383.htm
"BENJAMIN, Phyllis Jean",https://www.parliament.tas.gov.au/history/tasparl/benjaminp514.htm
"BENNETT, John Myles",https://www.parliament.tas.gov.au/history/tasparl/bennettj654.htm
"BENNETT, William Henry",https://www.parliament.tas.gov.au/history/tasparl/bennetw222.htm
"BENNEWORTH, Anthony John",https://www.parliament.tas.gov.au/history/tasparl/bennewortha688.htm
"BESSELL, Leonard Hubert",https://www.parliament.tas.gov.au/history/tasparl/besselll525.htm
"BEST, Amelia Martha",https://www.parliament.tas.gov.au/history/tasparl/besta521.htm
"BEST, Brenton Roy",https://www.parliament.tas.gov.au/history/tasparl/bestb701.htm
"BEST, Charles Robinson",https://www.parliament.tas.gov.au/history/tasparl/bestc507.htm
"BEST, Jonathan",https://www.parliament.tas.gov.au/history/tasparl/bestj243.htm
"BEST, Percival Clarence",https://www.parliament.tas.gov.au/history/tasparl/bestp401.htm
"BESWICK, Richard John",https://www.parliament.tas.gov.au/history/tasparl/beswickr625.htm
"BETHUNE, Walter Angus",https://www.parliament.tas.gov.au/history/tasparl/bethunew480.htm
"BINGHAM, Eardley Max",https://www.parliament.tas.gov.au/history/tasparl/binghame579.htm
"BIRD, Bolton Stafford",https://www.parliament.tas.gov.au/history/tasparl/birdbQ.htm
"BISDEE, Edward",https://www.parliament.tas.gov.au/history/tasparl/bisdeee9.htm
"BISDEE, Isaac",https://www.parliament.tas.gov.au/history/tasparl/bisdeei43.htm
"BISDEE, Louis Fenn",https://www.parliament.tas.gov.au/history/tasparl/bisdeel544.htm
"BLACKLOW, Archibald Clifford",https://www.parliament.tas.gov.au/history/tasparl/blacklowa431.htm
"BLADEL, Frances Mary",https://www.parliament.tas.gov.au/history/tasparl/bladelf655.htm
"BLYTH , Ernest Frederick Burns",https://www.parliament.tas.gov.au/history/tasparl/blythe328.htm
"BOND, Frank",https://www.parliament.tas.gov.au/history/tasparl/bondf284.htm
"BONDE, Wilfred Bert",https://www.parliament.tas.gov.au/history/tasparl/bondew656.htm
"BONNEY, Raymond Claude",https://www.parliament.tas.gov.au/history/tasparl/bonneyr590.htm
"BOOTH, Kim Dion",https://www.parliament.tas.gov.au/history/tasparl/boothk726.htm
"BOYS, William",https://www.parliament.tas.gov.au/history/tasparl/boysw5.htm
"BRADDON, Edward Nicholas Coventry",https://www.parliament.tas.gov.au/history/tasparl/braddone174.htm
"BRADLEY, John",https://www.parliament.tas.gov.au/history/tasparl/bradleyj237.htm
"BRAID, Henry William",https://www.parliament.tas.gov.au/history/tasparl/braidh597.htm
"BRAID, Ian Maxwell",https://www.parliament.tas.gov.au/history/tasparl/braidi580.htm
"BRAMICH, Carrol Athelstone",https://www.parliament.tas.gov.au/history/tasparl/bramichc481.htm
"BREHENY, John Gerald",https://www.parliament.tas.gov.au/history/tasparl/brehenyj512.htm
"BRITTON, Joseph James",https://www.parliament.tas.gov.au/history/tasparl/brittonj536.htm
"BROAD, Shane Thomas",https://www.parliament.tas.gov.au/history/tasparl/BroadS782.htm
"BROADBY, Albert John",https://www.parliament.tas.gov.au/history/tasparl/broadbya570.htm
"BROCK, William",https://www.parliament.tas.gov.au/history/tasparl/brockw134.htm
"BROMBY, Charles Hamilton",https://www.parliament.tas.gov.au/history/tasparl/brombyc163.htm
"BROOKER, Edward",https://www.parliament.tas.gov.au/history/tasparl/brookere422.htm
"BROOKES, Harry George",https://www.parliament.tas.gov.au/history/tasparl/brookesg687.htm
"BROOKS, Adam Richard",https://www.parliament.tas.gov.au/history/tasparl/brooks753.htm
"BROWN, George Deas",https://www.parliament.tas.gov.au/history/tasparl/browng564.htm
"BROWN, John Harold",https://www.parliament.tas.gov.au/history/tasparl/brownj497.htm
"BROWN, Julian George",https://www.parliament.tas.gov.au/history/tasparl/brownj290.htm
"BROWN, Nicholas John",https://www.parliament.tas.gov.au/history/tasparl/brownP.htm
"BROWN, Robert James",https://www.parliament.tas.gov.au/history/tasparl/brownr646.htm
"BROWN, Ronald Herbert",https://www.parliament.tas.gov.au/history/tasparl/brownr496.htm
"BROWN, William Thomas Henry",https://www.parliament.tas.gov.au/history/tasparl/brownw125.htm
"BROWNELL, William Percival",https://www.parliament.tas.gov.au/history/tasparl/brownellw281.htm
"BUGG, James Phillip",https://www.parliament.tas.gov.au/history/tasparl/buggj449.htm
"BURBURY, Alfred William",https://www.parliament.tas.gov.au/history/tasparl/burburya410.htm
"BURBURY, Frederick",https://www.parliament.tas.gov.au/history/tasparl/burburyf340.htm
"BURBURY, William",https://www.parliament.tas.gov.au/history/tasparl/burburyw259.htm
"BURGESS, Francis",https://www.parliament.tas.gov.au/history/tasparl/burgessf7.htm
"BURGESS, William Henry",https://www.parliament.tas.gov.au/history/tasparl/burgessw180.htm
"BURKE, Daniel",https://www.parliament.tas.gov.au/history/tasparl/burked233.htm
"BURNS, George Mason",https://www.parliament.tas.gov.au/history/tasparl/burnsg292.htm
"BUSHBY, Maxwell Holmes",https://www.parliament.tas.gov.au/history/tasparl/bushbym550.htm
"BUTLER, Alan Ross (Ross)",https://www.parliament.tas.gov.au/history/tasparl/butlerr746.htm
"BUTLER, Gamaliel Henry",https://www.parliament.tas.gov.au/history/tasparl/butlerg269.htm
"BUTLER, Heather Rose",https://www.parliament.tas.gov.au/history/tasparl/butlerh741.htm
"BUTLER, Henry",https://www.parliament.tas.gov.au/history/tasparl/butlerhM.htm
"BUTLER, Jenna",https://www.parliament.tas.gov.au/history/tasparl/butler_J_HA_791.htm
"BUTLER , Thomas John",https://www.parliament.tas.gov.au/history/tasparl/butlert411.htm
"BUTTON, William Stammers",https://www.parliament.tas.gov.au/history/tasparl/buttonw6.htm
"CAINS, Carole Susan",https://www.parliament.tas.gov.au/history/tasparl/cainsc689.htm
"CALVERT, David Charles Hedley",https://www.parliament.tas.gov.au/history/tasparl/calvertd387.htm
"CALVERT, William Henry Fairfax",https://www.parliament.tas.gov.au/history/tasparl/calvertw399.htm
"CAMERON, Donald Keith",https://www.parliament.tas.gov.au/history/tasparl/camerond423.htm
"CAMERON, Donald Norman",https://www.parliament.tas.gov.au/history/tasparl/camerond247.htm
"CAMERON, Donald",https://www.parliament.tas.gov.au/history/tasparl/camerond100.htm
"CAMPBELL, Neil",https://www.parliament.tas.gov.au/history/tasparl/campbelln384.htm
"CANSDELL, Charles Stuart",https://www.parliament.tas.gov.au/history/tasparl/cansdellc60.htm
"CARINS, Lloyd Horton",https://www.parliament.tas.gov.au/history/tasparl/carinsl552.htm
"CARRUTHERS, George Simpson",https://www.parliament.tas.gov.au/history/tasparl/carruthersg242.htm
"CARTER, William",https://www.parliament.tas.gov.au/history/tasparl/carterw47.htm
"CASHION, Douglas Alfred",https://www.parliament.tas.gov.au/history/tasparl/cashiond504.htm
"CASTLEY, James",https://www.parliament.tas.gov.au/history/tasparl/castleyj147.htm
"CHAMBERLAIN, John Hartley",https://www.parliament.tas.gov.au/history/tasparl/chamberlainj425.htm
"CHAMP, William Thomas Napier",https://www.parliament.tas.gov.au/history/tasparl/champw11.htm
"CHAPMAN, James Robison",https://www.parliament.tas.gov.au/history/tasparl/chapmanj374.htm
"CHAPMAN, Thomas Daniel",https://www.parliament.tas.gov.au/history/tasparl/chapmantE.htm
"CHEEK, John William",https://www.parliament.tas.gov.au/history/tasparl/cheekj307.htm
"CHEEK, Robert Reginald",https://www.parliament.tas.gov.au/history/tasparl/cheekr702.htm
"CHEEK, Thomas Lefroy",https://www.parliament.tas.gov.au/history/tasparl/cheekt510.htm
"CHELLIS, Darryl Osmond",https://www.parliament.tas.gov.au/history/tasparl/chellisd652.htm
"CHISHOLM, Geoffrey Donald",https://www.parliament.tas.gov.au/history/tasparl/chisholmg559.htm
"CLARK, Andrew Inglis",https://www.parliament.tas.gov.au/history/tasparl/clarka171.htm
"CLARK, Douglas Frank",https://www.parliament.tas.gov.au/history/tasparl/clarkd555.htm
"CLARKE, Matthew John",https://www.parliament.tas.gov.au/history/tasparl/clarkem237.htm
"CLEARY, John Henry",https://www.parliament.tas.gov.au/history/tasparl/clearyj339.htm
"CLEARY, Thomas John",https://www.parliament.tas.gov.au/history/tasparl/clearyt626.htm
"CLEBURNE, Richard",https://www.parliament.tas.gov.au/history/tasparl/cleburner41.htm
"CLERKE, Alexander",https://www.parliament.tas.gov.au/history/tasparl/clerkea40.htm
"COATES,",https://www.parliament.tas.gov.au/history/tasparl/coatesj585.htm
Jeffrey Allan,https://www.parliament.tas.gov.au/history/tasparl/coatesj585.htm
"COHEN, Joseph",https://www.parliament.tas.gov.au/history/tasparl/cohenj55.htm
"COLE, Ian Kenneth",https://www.parliament.tas.gov.au/history/tasparl/colei599.htm
"COLLINS, George Thomas",https://www.parliament.tas.gov.au/history/tasparl/collinsg245.htm
"CONNELL, William John",https://www.parliament.tas.gov.au/history/tasparl/connellw349.htm
"CONNOLLY, James Bell",https://www.parliament.tas.gov.au/history/tasparl/connolleyj502.htm
"CONWAY, Harry",https://www.parliament.tas.gov.au/history/tasparl/conwayh199.htm
"COOK, Henry",https://www.parliament.tas.gov.au/history/tasparl/cookh103.htm
"COOTE, Audley",https://www.parliament.tas.gov.au/history/tasparl/cootea175.htm
"CORBETT, Thomas",https://www.parliament.tas.gov.au/history/tasparl/corbettt79.htm
"CORBY , Kevin Patrick",https://www.parliament.tas.gov.au/history/tasparl/corbyk591.htm
"CORNISH, Ronald",https://www.parliament.tas.gov.au/history/tasparl/cornishr612.htm
"COSGROVE, Robert",https://www.parliament.tas.gov.au/history/tasparl/cosgrover355.htm
"COSTELLO, Lloyd Edwin Albert",https://www.parliament.tas.gov.au/history/tasparl/costellol537.htm
"COTTON, Arthur",https://www.parliament.tas.gov.au/history/tasparl/cottona383.htm
"COUGHLAN, John Anthony",https://www.parliament.tas.gov.au/history/tasparl/coughlanj604.htm
"COURTNEY, Sarah",https://www.parliament.tas.gov.au/history/tasparl/courtney_S_HA_771.html
"COX, James Glennister",https://www.parliament.tas.gov.au/history/tasparl/cox674.htm
"COX, James",https://www.parliament.tas.gov.au/history/tasparl/coxj154.htm
"CRAWFORD, Andrew",https://www.parliament.tas.gov.au/history/tasparl/crawforda136.htm
"CRAWFORD, Brian Peter",https://www.parliament.tas.gov.au/history/tasparl/crawfordb526.htm
"CREAN, David Mackenzie",https://www.parliament.tas.gov.au/history/tasparl/creand675.htm
"CRISP, Alfred",https://www.parliament.tas.gov.au/history/tasparl/crispa200.htm
"CROOKE, William",https://www.parliament.tas.gov.au/history/tasparl/crookew10.htm
"CROOKES, John",https://www.parliament.tas.gov.au/history/tasparl/crookesj12.htm
"CROSBY, William",https://www.parliament.tas.gov.au/history/tasparl/crosbyw195.htm
"CROWTHER, Edward Lodewyk",https://www.parliament.tas.gov.au/history/tasparl/crowthere172.htm
"CROWTHER, William Lodewyk",https://www.parliament.tas.gov.au/history/tasparl/crowtherw93.htm
"CULLEY, Charles Ernest",https://www.parliament.tas.gov.au/history/tasparl/culleyc378.htm
"CUTTS, Arthur Thomas",https://www.parliament.tas.gov.au/history/tasparl/cuttsa434.htm
"D'ALTON, Thomas George de Largie",https://www.parliament.tas.gov.au/history/tasparl/d%27altont413.htm
"DARLING, Joseph",https://www.parliament.tas.gov.au/history/tasparl/darlingj370.htm
"DAWKINS, Andrea Elizabeth",https://www.parliament.tas.gov.au/history/tasparl/dawkinsa778.htm
"DAVIES, Charles Ellis",https://www.parliament.tas.gov.au/history/tasparl/daviesc260.htm
"DAVIES, John",https://www.parliament.tas.gov.au/history/tasparl/davies70.htm
"DAVIES, Ronald Glen",https://www.parliament.tas.gov.au/history/tasparl/daviesr592.htm
"DAVIES, John George",https://www.parliament.tas.gov.au/history/tasparl/daviesjR.htm
"DAVIES, Thomas Henry",https://www.parliament.tas.gov.au/history/tasparl/daviest407.htm
"DAVIS, Geoffrey Bertrand",https://www.parliament.tas.gov.au/history/tasparl/davisg637.htm
"DAVIS, Walter John Torley",https://www.parliament.tas.gov.au/history/tasparl/davisw515.htm
"DAVISON, Brian Fettes",https://www.parliament.tas.gov.au/history/tasparl/davisonb685.htm
"DEAN, Ellis",https://www.parliament.tas.gov.au/history/tasparl/deane271.htm
"DEAN, Ivan Noel",https://www.parliament.tas.gov.au/history/tasparl/deani736.htm
"DEGRAVES, Charles",https://www.parliament.tas.gov.au/history/tasparl/degravesc84.htm
"DEVINE, John Herbert",https://www.parliament.tas.gov.au/history/tasparl/devinej627.htm
"DICKER, David Edward",https://www.parliament.tas.gov.au/history/tasparl/dickerd311.htm
"DILLON, Thomas",https://www.parliament.tas.gov.au/history/tasparl/dillont201.htm
"DIXON, Joseph Henry",https://www.parliament.tas.gov.au/history/tasparl/dixonj524.htm
"DIXON, William Henry",https://www.parliament.tas.gov.au/history/tasparl/dixonw352.htm
"DOBSON, Alfred",https://www.parliament.tas.gov.au/history/tasparl/dobsonaN.htm
"DOBSON, Henry",https://www.parliament.tas.gov.au/history/tasparl/dobsonh224.htm
"DOBSON, William Lambert",https://www.parliament.tas.gov.au/history/tasparl/dobsonw58.htm
"DODDS, John Stokell",https://www.parliament.tas.gov.au/history/tasparl/doddsj173.htm
"DODERY, William",https://www.parliament.tas.gov.au/history/tasparl/doderywl.htm
"DOOLEY, James Monaghan",https://www.parliament.tas.gov.au/history/tasparl/dooleyj155.htm
"DOUGLAS, Henry",https://www.parliament.tas.gov.au/history/tasparl/douglash104.htm
"DOUGLAS, Adye",https://www.parliament.tas.gov.au/history/tasparl/douglasaH.htm
"DOW, Anita Joy",https://www.parliament.tas.gov.au/history/tasparl/dow_A_HA_788.htm
"DOWLING, Henry",https://www.parliament.tas.gov.au/history/tasparl/dowlingh59.htm
"DOYLE, George Leo",https://www.parliament.tas.gov.au/history/tasparl/doyleg435.htm
"DRY, Richard",https://www.parliament.tas.gov.au/history/tasparl/dryr69.htm
"DUMARESQ, Roland Henry Gascoigne",https://www.parliament.tas.gov.au/history/tasparl/dumaresqh202.htm
"DUMBLETON, Henry Arthur",https://www.parliament.tas.gov.au/history/tasparl/dumbletonh280.htm
"DUNBABIN, William",https://www.parliament.tas.gov.au/history/tasparl/dunbabinw516.htm
"DUNN, James Alfred",https://www.parliament.tas.gov.au/history/tasparl/dunnj13.htm
"DWYER, John James",https://www.parliament.tas.gov.au/history/tasparl/dwyerj414.htm
"DWYER-GRAY, Edmund",https://www.parliament.tas.gov.au/history/tasparl/dwer-graye402.htm
"EADY, Charles John",https://www.parliament.tas.gov.au/history/tasparl/eadyc389.htm
"EARLE, John",https://www.parliament.tas.gov.au/history/tasparl/earlej305.htm
"EDWARDS, Catherine Mary",https://www.parliament.tas.gov.au/history/tasparl/edwardscm718.htm
"EDWARDS, Frank Bathurst",https://www.parliament.tas.gov.au/history/tasparl/edwardsf372.htm
"EVANS, Alexander Arthur",https://www.parliament.tas.gov.au/history/tasparl/evansa432.htm
"EVANS, John William",https://www.parliament.tas.gov.au/history/tasparl/evansj262.htm
"EVERETT, Mervyn George",https://www.parliament.tas.gov.au/history/tasparl/everettm557.htm
"EVERS, Nicholas Clive Kurt",https://www.parliament.tas.gov.au/history/tasparl/eversn657.htm
"EWING, Norman Kirkwood",https://www.parliament.tas.gov.au/history/tasparl/ewingn312.htm
"FAGAN, Roy Frederick",https://www.parliament.tas.gov.au/history/tasparl/faganr482.htm
"FALKINER, John William",https://www.parliament.tas.gov.au/history/tasparl/falkinerj186.htm
"FARQUHAR, Hedley David",https://www.parliament.tas.gov.au/history/tasparl/farquharh593.htm
"FARRELL, Craig Maxwell",https://www.parliament.tas.gov.au/history/tasparl/farrellC764.htm
"FEATHERSTONE, Charles Edwin",https://www.parliament.tas.gov.au/history/tasparl/featherstonec223.htm
"FENTON, Arthur Benjamin",https://www.parliament.tas.gov.au/history/tasparl/fentona419.htm
"FENTON, Charles Balfour Marcus",https://www.parliament.tas.gov.au/history/tasparl/fentonc530.htm
"FENTON, Charles Benjamin Monds",https://www.parliament.tas.gov.au/history/tasparl/fentonc204.htm
"FENTON, Michael",https://www.parliament.tas.gov.au/history/tasparl/fentonmK.htm
"FERGUSON, Michael Darrel Joseph",https://www.parliament.tas.gov.au/history/tasparl/ferguson754.htm
"FIDLER, John Roy",https://www.parliament.tas.gov.au/history/tasparl/fidlerj483.htm
"FIELD, Michael Walter",https://www.parliament.tas.gov.au/history/tasparl/fieldm607.htm
"FIELD, Richard Charles",https://www.parliament.tas.gov.au/history/tasparl/fieldr313.htm
"FIELD, Thomas William",https://www.parliament.tas.gov.au/history/tasparl/fieldt14.htm
"FINCH, Kerry",https://www.parliament.tas.gov.au/history/tasparl/finchk725.htm
"FISHER, Arthur Reginald",https://www.parliament.tas.gov.au/history/tasparl/fishera527.htm
"FISHER, Thomas Moore",https://www.parliament.tas.gov.au/history/tasparl/fishert297.htm
"FISHER, William",https://www.parliament.tas.gov.au/history/tasparl/fisherw181.htm
"FITZGERALD, George Parker",https://www.parliament.tas.gov.au/history/tasparl/fitzgeraldg203.htm
,https://www.parliament.tas.gov.au/history/tasparl/fletchera635.htm
"FLETCHER, Anthony William",https://www.parliament.tas.gov.au/history/tasparl/fletchera635.htm
"FLOWERS, George Lenthorn",https://www.parliament.tas.gov.au/history/tasparl/flowersg455.htm
"FOLEY, Michael Bernard",https://www.parliament.tas.gov.au/history/tasparl/foleym696.htm
"FOOT, Geoffrey James",https://www.parliament.tas.gov.au/history/tasparl/footg547.htm
"FORREST, Ruth Jane",https://www.parliament.tas.gov.au/history/tasparl/forrestr740.htm
"FOSTER, Allan John",https://www.parliament.tas.gov.au/history/tasparl/fostera581.htm
"FOSTER, Francis Henry",https://www.parliament.tas.gov.au/history/tasparl/fosterf436.htm
"FOSTER, George Matthew",https://www.parliament.tas.gov.au/history/tasparl/fosterg346.htm
"FOSTER, John",https://www.parliament.tas.gov.au/history/tasparl/fosterj101.htm
"FOWLER, Alexander Richard",https://www.parliament.tas.gov.au/history/tasparl/fowlera234.htm
"FRANKS, Richard",https://www.parliament.tas.gov.au/history/tasparl/franksr376.htm
"FRASER, Wallace Harcourt",https://www.parliament.tas.gov.au/history/tasparl/fraserw548.htm
"FREELAND, Ernest William",https://www.parliament.tas.gov.au/history/tasparl/freelande350.htm
"FROST, Stewart Charles Hilton",https://www.parliament.tas.gov.au/history/tasparl/frosts558.htm
"FRY, David Mayburn",https://www.parliament.tas.gov.au/history/tasparl/fryd720.htm
"FRY, William Hector Maxwell",https://www.parliament.tas.gov.au/history/tasparl/fryw531.htm
"FULLERTON, William James",https://www.parliament.tas.gov.au/history/tasparl/fullertonw330.htm
"FYSH, Philip Oakley",https://www.parliament.tas.gov.au/history/tasparl/fyshp94.htm
"GAFFNEY, James Joseph",https://www.parliament.tas.gov.au/history/tasparl/gaffneyj264.htm
"GAFFNEY, Michael Victor",https://www.parliament.tas.gov.au/history/tasparl/gaffneym749.htm
"GAHA, John Francis",https://www.parliament.tas.gov.au/history/tasparl/gahaj420.htm
"GANT, Tetley",https://www.parliament.tas.gov.au/history/tasparl/ganttJ.htm
"GARD, Michael Shane",https://www.parliament.tas.gov.au/history/tasparl/gardm710.htm
"GAYER, Robert",https://www.parliament.tas.gov.au/history/tasparl/gayerr164.htm
"GELL, Philip Hoskins",https://www.parliament.tas.gov.au/history/tasparl/gellp44.htm
"GELLIBRAND, Thomas Lloyd",https://www.parliament.tas.gov.au/history/tasparl/gellibrandt15.htm
"GELLIBRAND, Walter Angus Bethune",https://www.parliament.tas.gov.au/history/tasparl/gellibrandwF.htm
"GELLIBRAND, William St Paul",https://www.parliament.tas.gov.au/history/tasparl/gellibrandw238.htm
"GIBLIN, Edward Owen",https://www.parliament.tas.gov.au/history/tasparl/gibline225.htm
"GIBLIN, Lyndhurst Falkiner",https://www.parliament.tas.gov.au/history/tasparl/giblinl331.htm
"GIBLIN, William Robert",https://www.parliament.tas.gov.au/history/tasparl/giblinw118.htm
"GIBSON, Christopher Arthur",https://www.parliament.tas.gov.au/history/tasparl/gibsonc682.htm
"GIBSON, George",https://www.parliament.tas.gov.au/history/tasparl/gibsong96.htm
"GIBSON, James Alexander",https://www.parliament.tas.gov.au/history/tasparl/gibsonj.htm
"GIBSON, James",https://www.parliament.tas.gov.au/history/tasparl/gibsonj205.htm
"GIBSON, John Blackler",https://www.parliament.tas.gov.au/history/tasparl/gibsonj291.htm
"GIBSON, William George",https://www.parliament.tas.gov.au/history/tasparl/gibsonw272.htm
"GIBSON, William",https://www.parliament.tas.gov.au/history/tasparl/gibsonw48.htm
"GIDDINGS, Larissa Tahireh",https://www.parliament.tas.gov.au/history/tasparl/giddings703.htm
"GILL, Henry Horatio",https://www.parliament.tas.gov.au/history/tasparl/gillh217.htm
"GILMORE, George Crosby",https://www.parliament.tas.gov.au/history/tasparl/gilmoreg238.htm
"GILMORE, George",https://www.parliament.tas.gov.au/history/tasparl/gilmoreg162.htm
"GILMOUR, Stephen Bernard",https://www.parliament.tas.gov.au/history/tasparl/gilmours617.htm
"GINN, Ross Winnington",https://www.parliament.tas.gov.au/history/tasparl/ginnr667.htm
"GLEADOW, John Ward",https://www.parliament.tas.gov.au/history/tasparl/gleadowj95.htm
"GOODLUCK, Bruce John",https://www.parliament.tas.gov.au/history/tasparl/goodluckb704.htm
"GOODWIN, Vanessa",https://www.parliament.tas.gov.au/history/tasparl/goodwin750.htm
,https://www.parliament.tas.gov.au/history/tasparl/goodwin750.htm
"GOUGH, Stanley William",https://www.parliament.tas.gov.au/history/tasparl/goughs582.htm
"GRAHAM, Robert James",https://www.parliament.tas.gov.au/history/tasparl/grahamr633.htm
"GRANT, Charles Henry",https://www.parliament.tas.gov.au/history/tasparl/grantc232.htm
"GRANT, Charles William",https://www.parliament.tas.gov.au/history/tasparl/grantc379.htm
"GRANT, Charles",https://www.parliament.tas.gov.au/history/tasparl/grantc80.htm
"GRANT, James, Jun",https://www.parliament.tas.gov.au/history/tasparl/grantj61.htm
"GRAY, George Herbert",https://www.parliament.tas.gov.au/history/tasparl/grayg484.htm
"GRAY, James",https://www.parliament.tas.gov.au/history/tasparl/grayj156.htm
"GRAY, Robin Trevor",https://www.parliament.tas.gov.au/history/tasparl/grayr618.htm
"GREEN, Bryan Alexander",https://www.parliament.tas.gov.au/history/tasparl/green715.htm
"GREEN, Geoffrey Arthur Hewett",https://www.parliament.tas.gov.au/history/tasparl/greeng471.htm
"GREEN, John Edward",https://www.parliament.tas.gov.au/history/tasparl/greenj603.htm
"GREEN, Richard Kenneth",https://www.parliament.tas.gov.au/history/tasparl/greenr472.htm
"GREGORY, Oliver Harold",https://www.parliament.tas.gov.au/history/tasparl/gregoryr534.htm
"GREGSON, John Compton",https://www.parliament.tas.gov.au/history/tasparl/gregsonj16.htm
"GREGSON, Thomas George",https://www.parliament.tas.gov.au/history/tasparl/gregsont18.htm
"GROOM, Francis Roger",https://www.parliament.tas.gov.au/history/tasparl/groomf614.htm
"GROOM, Matthew",https://www.parliament.tas.gov.au/history/tasparl/groom755.htm
"GROOM, Raymond John",https://www.parliament.tas.gov.au/history/tasparl/groomr658.htm
"GROUNDS, Arthur Edwin Ernest",https://www.parliament.tas.gov.au/history/tasparl/groundsa511.htm
"GROUNDS, Lucy Margaret",https://www.parliament.tas.gov.au/history/tasparl/groundsl513.htm
"GRUBB, Charles Beaumont Barnes",https://www.parliament.tas.gov.au/history/tasparl/grubbc188.htm
"GRUBB, Frederick William",https://www.parliament.tas.gov.au/history/tasparl/grubbf176.htm
"GRUBB, William Dawson",https://www.parliament.tas.gov.au/history/tasparl/grubbw115.htm
"GUESDON, William Algernon",https://www.parliament.tas.gov.au/history/tasparl/guesdonw187.htm
"GUNN, James Arndell",https://www.parliament.tas.gov.au/history/tasparl/gunnj119.htm
"GUNN, Ronald Campbell",https://www.parliament.tas.gov.au/history/tasparl/gunnr17.htm
"GUTWEIN, Peter Carl",https://www.parliament.tas.gov.au/history/tasparl/gutweinp727.htm
"GUY, James Allan",https://www.parliament.tas.gov.au/history/tasparl/guyj341.htm
"GUY, James",https://www.parliament.tas.gov.au/history/tasparl/guyj314.htm
"HADDAD, Eloise Rafia (Ella)",https://www.parliament.tas.gov.au/history/tasparl/Haddad_E_HA_789.htm
"HAGGITT, D'Arcy",https://www.parliament.tas.gov.au/history/tasparl/haggitd72.htm
"HALL, Charles Henry",https://www.parliament.tas.gov.au/history/tasparl/hallc258.htm
"HALL, Gregory Raymond",https://www.parliament.tas.gov.au/history/tasparl/hallg722.htm
"HAMILTON, John",https://www.parliament.tas.gov.au/history/tasparl/hamiltonj218.htm
"HAND, Charles Henry",https://www.parliament.tas.gov.au/history/tasparl/handc498.htm
"HAROS, Gabriel George",https://www.parliament.tas.gov.au/history/tasparl/harosg630.htm
"HARRISS, Andrew Paul",https://www.parliament.tas.gov.au/history/tasparl/harrissp707.htm
"HART, Frank Percy",https://www.parliament.tas.gov.au/history/tasparl/hartf343.htm
"HART, John",https://www.parliament.tas.gov.au/history/tasparl/hartj207.htm
"HART, William",https://www.parliament.tas.gov.au/history/tasparl/hartw167.htm
"HARTNOLL, William, Jun",https://www.parliament.tas.gov.au/history/tasparl/hartnollw193.htm
"HARVEY, Robert John Rankin",https://www.parliament.tas.gov.au/history/tasparl/harveyr473.htm
"HAWKES, Samuel",https://www.parliament.tas.gov.au/history/tasparl/hawkess208.htm
"HAWKES, William Keeler",https://www.parliament.tas.gov.au/history/tasparl/hawkesw131.htm
"HAY, Kathryn Isobel",https://www.parliament.tas.gov.au/history/tasparl/hayk728.htm
"HAYS, Herbert",https://www.parliament.tas.gov.au/history/tasparl/haysh321.htm
"HAYES, John Blyth",https://www.parliament.tas.gov.au/history/tasparl/hayesj332.htm
"HAYES, John",https://www.parliament.tas.gov.au/history/tasparl/hayesj71.htm
"HEAN, Alexander",https://www.parliament.tas.gov.au/history/tasparl/heana293.htm
"HEAVEN, Lynda Agnes Victoria",https://www.parliament.tas.gov.au/history/tasparl/heavenl551.htm
"HEEREY, Francis Xavier",https://www.parliament.tas.gov.au/history/tasparl/heereyf437.htm
"HENRY, John",https://www.parliament.tas.gov.au/history/tasparl/henryj226.htm
"HENRY, Samuel",https://www.parliament.tas.gov.au/history/tasparl/henrys148.htm
"HENTY, Charles Shum",https://www.parliament.tas.gov.au/history/tasparl/hentyc19.htm
"HENTY, James Wilson",https://www.parliament.tas.gov.au/history/tasparl/hentyj572.htm
"HENTY, William",https://www.parliament.tas.gov.au/history/tasparl/hentyw20.htm
"Hickey, Susanne Lynette",https://www.parliament.tas.gov.au/history/tasparl/hickey_S_HA_790.htm
"HIDDING, Marinus Theodoor",https://www.parliament.tas.gov.au/history/tasparl/hiddingm705.htm
"HIDDLESTONE, George",https://www.parliament.tas.gov.au/history/tasparl/hiddlestoneg227.htm
"HILL, Samuel Prout",https://www.parliament.tas.gov.au/history/tasparl/hills.htm
,https://www.parliament.tas.gov.au/history/tasparl/avram676.htm
,https://www.parliament.tas.gov.au/history/tasparl/hills.htm
,https://www.parliament.tas.gov.au/history/tasparl/avram676.htm
His GRACE the MOST NOBLE the DUKE of AVRAM,https://www.parliament.tas.gov.au/history/tasparl/avram676.htm
"HISCUTT, Desmond Miller",https://www.parliament.tas.gov.au/history/tasparl/hiscuttd697.htm
"HISCUTT, Hugh James",https://www.parliament.tas.gov.au/history/tasparl/hiscutth648.htm
"HISCUTT, Leonie",https://www.parliament.tas.gov.au/history/tasparl/hiscuttl767.htm
"HITCHCOCK, Daniel",https://www.parliament.tas.gov.au/history/tasparl/hitchcockd545.htm
"HOBBS, Edward",https://www.parliament.tas.gov.au/history/tasparl/hobbse342.htm
"HODGMAN, Peter Curtis Leigh",https://www.parliament.tas.gov.au/history/tasparl/hodgmanp600.htm
"HODGMAN, Thomas Christopher",https://www.parliament.tas.gov.au/history/tasparl/hodgmant276.htm
"HODGMAN, William Clark",https://www.parliament.tas.gov.au/history/tasparl/hodgmanw522.htm
"HODGMAN, William Edward Felix",https://www.parliament.tas.gov.au/history/tasparl/hodgmanwe729.htm
"HODGMAN, William Michael",https://www.parliament.tas.gov.au/history/tasparl/hodgmanwm566.htm
"HODGSON, William",https://www.parliament.tas.gov.au/history/tasparl/hodgsonw62.htm
"HOGGINS, Charles Davenport",https://www.parliament.tas.gov.au/history/tasparl/hogginsc255.htm
"HOLGATE, Harold Norman",https://www.parliament.tas.gov.au/history/tasparl/holgateh601.htm
"HOLLINGSWORTH, Allen",https://www.parliament.tas.gov.au/history/tasparl/hollingswortha426.htm
"HOLLISTER, Dianne Lesley",https://www.parliament.tas.gov.au/history/tasparl/hollisterd677.htm
"HOLMES, Carmel Maude",https://www.parliament.tas.gov.au/history/tasparl/holmesc650.htm
"HOPE, Henry James",https://www.parliament.tas.gov.au/history/tasparl/hopeh450.htm
"HOPE, John",https://www.parliament.tas.gov.au/history/tasparl/hopej261.htm
"HOPE, Reginald Thomas",https://www.parliament.tas.gov.au/history/tasparl/hoper621.htm
"HORNE, Alfred John",https://www.parliament.tas.gov.au/history/tasparl/hornea81.htm
"HORNE, Thomas",https://www.parliament.tas.gov.au/history/tasparl/hornetA.htm
"HOUGHTON, Frederick James",https://www.parliament.tas.gov.au/history/tasparl/houghtonf49.htm
"HOUSTON, Jennifer Louise",https://www.parliament.tas.gov.au/history/tasparl/houston_J_HA_787.htm
"HOWLETT, Jane",https://www.parliament.tas.gov.au/history/tasparl/howlett_J_LC_792.htm
"HOWROYD, Charles Richard",https://www.parliament.tas.gov.au/history/tasparl/howroydc300.htm
"HOWROYD, Eric Richard Aldred",https://www.parliament.tas.gov.au/history/tasparl/howroyde438.htm
"HULME, Daniel Christopher",https://www.parliament.tas.gov.au/history/tasparl/hulme748.htm
"HURST, James Abraham",https://www.parliament.tas.gov.au/history/tasparl/hurstj320.htm
"HUSTON, George Francis",https://www.parliament.tas.gov.au/history/tasparl/hustong206.htm
"HUTCHINS, William James",https://www.parliament.tas.gov.au/history/tasparl/hutchinsw116.htm
"ILES, Eric Clifton",https://www.parliament.tas.gov.au/history/tasparl/ilese567.htm
"INGAMELLS, Christopher Robert",https://www.parliament.tas.gov.au/history/tasparl/ingamellisc538.htm
"INNES, Frederick Maitland",https://www.parliament.tas.gov.au/history/tasparl/innesfC.htm
"JACKSON, John Alexander",https://www.parliament.tas.gov.au/history/tasparl/jacksonj121.htm
"JACKSON, Judith Louise",https://www.parliament.tas.gov.au/history/tasparl/jackson_je_659.htm
"JACKSON, William",https://www.parliament.tas.gov.au/history/tasparl/jacksonw485.htm
"JAENSCH, Roger",https://www.parliament.tas.gov.au/history/tasparl/jaensch_R_HA_772.html
"JAMES, Claude Ernest Weymouth",https://www.parliament.tas.gov.au/history/tasparl/jamesc394.htm
"JAMES, Gillian Hilma",https://www.parliament.tas.gov.au/history/tasparl/jamesg615.htm
"JAMIESON, Norma May",https://www.parliament.tas.gov.au/history/tasparl/jamiesonn735.htm
"JARVIS, William Robert Charles",https://www.parliament.tas.gov.au/history/tasparl/jarvisw298.htm
"JENSEN, Jens August",https://www.parliament.tas.gov.au/history/tasparl/jensenj282.htm
"JUST, Thomas Cook",https://www.parliament.tas.gov.au/history/tasparl/justt166.htm
"KEACH, George William",https://www.parliament.tas.gov.au/history/tasparl/keachg130.htm
"KELLY, Philip Louis",https://www.parliament.tas.gov.au/history/tasparl/kellyp377.htm
"KENNERLEY, Alfred",https://www.parliament.tas.gov.au/history/tasparl/kennerleya87.htm
"KERMODE, Robert Quayle",https://www.parliament.tas.gov.au/history/tasparl/kermoder21.htm
"KILBURN, Douglas Thomas",https://www.parliament.tas.gov.au/history/tasparl/kilburnd63.htm
"KING, Frank Bernard",https://www.parliament.tas.gov.au/history/tasparl/kingf598.htm
"KISSOCK, Alexander",https://www.parliament.tas.gov.au/history/tasparl/kissocka83.htm
"KNIGHT, Thomas John",https://www.parliament.tas.gov.au/history/tasparl/knightt22.htm
"KONS, Steven",https://www.parliament.tas.gov.au/history/tasparl/kons_s_714.htm
"LACEY, Robert Herbert",https://www.parliament.tas.gov.au/history/tasparl/laceyr533.htm
"LAKIN, Mervyn George",https://www.parliament.tas.gov.au/history/tasparl/lakinm519.htm
"LAMB, Henry",https://www.parliament.tas.gov.au/history/tasparl/lambh168.htm
"LAMERTON, William",https://www.parliament.tas.gov.au/history/tasparl/lamertonw295.htm
"LANE, Henry Thomas",https://www.parliament.tas.gov.au/history/tasparl/laneh396.htm
"LANGDON, William",https://www.parliament.tas.gov.au/history/tasparl/langdonw24.htm
"LAWSON, Andrew",https://www.parliament.tas.gov.au/history/tasparl/lawsona373.htm
"LE FEVRE, Vernon Mackenzie",https://www.parliament.tas.gov.au/history/tasparl/lefevrev539.htm
"LEAKE, Charles Henry",https://www.parliament.tas.gov.au/history/tasparl/leakec189.htm
"LEATHAM, George",https://www.parliament.tas.gov.au/history/tasparl/leathamg228.htm
"LEE, Walter Henry",https://www.parliament.tas.gov.au/history/tasparl/leew308.htm
"LENNON, Paul Anthony",https://www.parliament.tas.gov.au/history/tasparl/lennon_pa_686.htm
"LETTE, Henry Elms",https://www.parliament.tas.gov.au/history/tasparl/letteh73.htm
"LEWIS, Arndell Neil",https://www.parliament.tas.gov.au/history/tasparl/lewisa418.htm
"LEWIS, David",https://www.parliament.tas.gov.au/history/tasparl/lewisd85.htm
"LEWIS, Neil Elliot",https://www.parliament.tas.gov.au/history/tasparl/lewisn209.htm
"LILLICO, Alexander Elliot Davidson",https://www.parliament.tas.gov.au/history/tasparl/lillicoa463.htm
"LILLICO, Alexander",https://www.parliament.tas.gov.au/history/tasparl/lillicoa388.htm
"LIPSCOMBE, Frederick",https://www.parliament.tas.gov.au/history/tasparl/lipscombef50.htm
"LLEWELLYN, David Edward",https://www.parliament.tas.gov.au/history/tasparl/llewellyn_de_660.htm
"LOHREY, Andrew Barnard Keith",https://www.parliament.tas.gov.au/history/tasparl/lohreya594.htm
"LONERGAN, Dennis Gannon",https://www.parliament.tas.gov.au/history/tasparl/lonergand470.htm
"LONG, James Joseph",https://www.parliament.tas.gov.au/history/tasparl/longj289.htm
"LOONE, Arthur William",https://www.parliament.tas.gov.au/history/tasparl/loonea319.htm
"LOONE, John Arthur",https://www.parliament.tas.gov.au/history/tasparl/loonej680.htm
"LORD, Alfred Edwin",https://www.parliament.tas.gov.au/history/tasparl/lorda133.htm
"LORD, James",https://www.parliament.tas.gov.au/history/tasparl/lordj74.htm
"LORD, John",https://www.parliament.tas.gov.au/history/tasparl/lordj86.htm
"LOVELL, Sarah Elizabeth",https://www.parliament.tas.gov.au/history/tasparl/lovellS_783.htm
"LOWE , Douglas Ackley",https://www.parliament.tas.gov.au/history/tasparl/lowed583.htm
"LOWES, Thomas Yardley",https://www.parliament.tas.gov.au/history/tasparl/lowest23.htm
"LOWRIE, Kenneth Francis",https://www.parliament.tas.gov.au/history/tasparl/lowriek568.htm
"LUCAS, Richard James",https://www.parliament.tas.gov.au/history/tasparl/lucasr192.htm
"LYNE, Carmichael",https://www.parliament.tas.gov.au/history/tasparl/lynec252.htm
"LYNE, John",https://www.parliament.tas.gov.au/history/tasparl/lynej177.htm
"LYONS, Brendan Aloysius",https://www.parliament.tas.gov.au/history/tasparl/lyonsb638.htm
"LYONS, Joseph Aloysius",https://www.parliament.tas.gov.au/history/tasparl/lyonsj315.htm
"LYONS, Kevin Orchard",https://www.parliament.tas.gov.au/history/tasparl/lyonsk500.htm
"MacDONALD, Allan",https://www.parliament.tas.gov.au/history/tasparl/macdonalda246.htm
"MacKENZIE, Charles John",https://www.parliament.tas.gov.au/history/tasparl/mackenziec211.htm
"MacLANACHAN, James",https://www.parliament.tas.gov.au/history/tasparl/maclanachanj51.htm
"MADDEN, John Lewis",https://www.parliament.tas.gov.au/history/tasparl/maddenj433.htm
"MADILL, Francis Leslie",https://www.parliament.tas.gov.au/history/tasparl/madillf661.htm
"MAHONEY, Gerald William",https://www.parliament.tas.gov.au/history/tasparl/mahoneyg415.htm
"MAINWARING, Robert Geoffrey",https://www.parliament.tas.gov.au/history/tasparl/mainwaringr662.htm
"MARRIOTT, Donald Keith",https://www.parliament.tas.gov.au/history/tasparl/marriottd546.htm
"MARRIOTT, Francis",https://www.parliament.tas.gov.au/history/tasparl/marriotf375.htm
"MARRIOTT, Frederick Arthur",https://www.parliament.tas.gov.au/history/tasparl/marriottf486.htm
"MARSHALL, Alexander Tasman",https://www.parliament.tas.gov.au/history/tasparl/marshalla335.htm
"MARSHALL, George",https://www.parliament.tas.gov.au/history/tasparl/marshallg53.htm
"MARTIN, George Frederick",https://www.parliament.tas.gov.au/history/tasparl/marting324.htm
"MARTIN, Terence Lewis",https://www.parliament.tas.gov.au/history/tasparl/martint738.htm
"MARTIN, Terence Norman",https://www.parliament.tas.gov.au/history/tasparl/martint563.htm
"MASSEY, Thomas William",https://www.parliament.tas.gov.au/history/tasparl/masseyt274.htm
"MATHER, Robert",https://www.parliament.tas.gov.au/history/tasparl/matherr554.htm
"MATTHEWS, James",https://www.parliament.tas.gov.au/history/tasparl/matthewsj42.htm
"McCALL, John Hair",https://www.parliament.tas.gov.au/history/tasparl/mccallj220.htm
"McCALL, John",https://www.parliament.tas.gov.au/history/tasparl/mccallj221.htm
"McCRACKAN, Peter",https://www.parliament.tas.gov.au/history/tasparl/mccrackanp270.htm
"McDERMOTT, Francis",https://www.parliament.tas.gov.au/history/tasparl/mcdermottf443.htm
"McDONALD, James",https://www.parliament.tas.gov.au/history/tasparl/mcdonaldj336.htm
"McDONALD, John Joseph",https://www.parliament.tas.gov.au/history/tasparl/mcdonaldj427.htm
"McDONALD, Thomas Raymond",https://www.parliament.tas.gov.au/history/tasparl/mcdonaldt540.htm
"McELWEE, George Johnston",https://www.parliament.tas.gov.au/history/tasparl/mcelweeg444.htm
"McFIE, Hector",https://www.parliament.tas.gov.au/history/tasparl/mcfieh520.htm
"McFIE, Henry Hector",https://www.parliament.tas.gov.au/history/tasparl/mcfieh393.htm
"McGOWEN, James Sinclair Taylor",https://www.parliament.tas.gov.au/history/tasparl/mcgowenj549.htm
"McGRATH, Joseph William",https://www.parliament.tas.gov.au/history/tasparl/mcgrathj428.htm
"McGREGOR, Alexander",https://www.parliament.tas.gov.au/history/tasparl/mcgregora178.htm
"McINTYRE, Margaret Edgeworth",https://www.parliament.tas.gov.au/history/tasparl/mcintyrem495.htm
"McKAY, Eric Charles",https://www.parliament.tas.gov.au/history/tasparl/mckaye543.htm
"McKAY, Peter Charles",https://www.parliament.tas.gov.au/history/tasparl/mckayp606.htm
"McKENDRICK, Robin Lee",https://www.parliament.tas.gov.au/history/tasparl/mckendrickr649.htm
"McKENZIE, James Albert",https://www.parliament.tas.gov.au/history/tasparl/mckenziej398.htm
"McKENZIE, Richard John Stevenson",https://www.parliament.tas.gov.au/history/tasparl/mckenzier302.htm
"McKINLEY, Thomas Joseph",https://www.parliament.tas.gov.au/history/tasparl/mckinleyt451.htm
"McKINNON, William Gillies",https://www.parliament.tas.gov.au/history/tasparl/mckinnonw620.htm
"McKIM, Nicholas James",https://www.parliament.tas.gov.au/history/tasparl/mckimnj730.htm
"McLOUGHLIN, Henry Joseph",https://www.parliament.tas.gov.au/history/tasparl/mcloughlinh.541.htm
"McMANUS, Martin John",https://www.parliament.tas.gov.au/history/tasparl/mcmanusm723.htm
"McNEIL, William Donald",https://www.parliament.tas.gov.au/history/tasparl/mcneilw532.htm
"McPARTLAN, Leo Vincent",https://www.parliament.tas.gov.au/history/tasparl/mcpartlanl517.htm
"McPHEE, John Cameron",https://www.parliament.tas.gov.au/history/tasparl/mcpheej356.htm
"McPHERSON, Duncan",https://www.parliament.tas.gov.au/history/tasparl/mcphersond25.htm
"McWILLIAMS, William James",https://www.parliament.tas.gov.au/history/tasparl/mcwilliamsw242.htm
"MEDWIN, Fergus Michael",https://www.parliament.tas.gov.au/history/tasparl/medwinf403.htm
"MEREDITH, Charles",https://www.parliament.tas.gov.au/history/tasparl/meredithc26.htm
"MEREDITH, John",https://www.parliament.tas.gov.au/history/tasparl/meredithj64.htm
"METZ, Charles",https://www.parliament.tas.gov.au/history/tasparl/metzc301.htm
"MEYER, Athol Yardley",https://www.parliament.tas.gov.au/history/tasparl/meyera668.htm
"MILES, Edward Thomas",https://www.parliament.tas.gov.au/history/tasparl/milese239.htm
"MILLAR, John",https://www.parliament.tas.gov.au/history/tasparl/millarj151.htm
"MILLER, Brian Kirkwall",https://www.parliament.tas.gov.au/history/tasparl/millerb529.htm
"MILLER, Dame Mabel Flora",https://www.parliament.tas.gov.au/history/tasparl/millerm523.htm
"MILLER, Maxwell",https://www.parliament.tas.gov.au/history/tasparl/miller27.htm
"MILLER, Robert Byron",https://www.parliament.tas.gov.au/history/tasparl/millerr65.htm
"MILNE, Christine Ann",https://www.parliament.tas.gov.au/history/tasparl/milnec678.htm
"MITCHELL, John",https://www.parliament.tas.gov.au/history/tasparl/mitchellj150.htm
"MOONEY, Laurence James",https://www.parliament.tas.gov.au/history/tasparl/mooneyl608.htm
"MOORE, George Edward Brettingham",https://www.parliament.tas.gov.au/history/tasparl/mooreg285.htm
"MOORE, Jean Mary",https://www.parliament.tas.gov.au/history/tasparl/moorej692.htm
"MOORE, William",https://www.parliament.tas.gov.au/history/tasparl/moorewG.htm
"MORRIS, Timothy Bryce",https://www.parliament.tas.gov.au/history/tasparl/morrisst731.htm
"MORRISBY, Arthur",https://www.parliament.tas.gov.au/history/tasparl/morrisbya250.htm
"MORRISON, Askin",https://www.parliament.tas.gov.au/history/tasparl/morrisona28.htm
"MUGLISTON, Henry Boyes",https://www.parliament.tas.gov.au/history/tasparl/muglistonh210.htm
"MULCAHY, Edward",https://www.parliament.tas.gov.au/history/tasparl/mulcahye235.htm
"MULDER, Tony",https://www.parliament.tas.gov.au/history/tasparl/mulderT765.htm
"MURDOCH, James, Jnr",https://www.parliament.tas.gov.au/history/tasparl/murdochj390.htm
"MURDOCH, James, Snr",https://www.parliament.tas.gov.au/history/tasparl/murdochj275.htm
"MURDOCH, John",https://www.parliament.tas.gov.au/history/tasparl/murdochj430.htm
"MURDOCH, Peter",https://www.parliament.tas.gov.au/history/tasparl/murdochp380.htm
"MURDOCH, Thomas",https://www.parliament.tas.gov.au/history/tasparl/murdocht334.htm
"MURPHY, Robert",https://www.parliament.tas.gov.au/history/tasparl/murphyr416.htm
"MURRAY, D'Arcy Wentworth Lathrop",https://www.parliament.tas.gov.au/history/tasparl/murrayd75.htm
"MURRAY, David",https://www.parliament.tas.gov.au/history/tasparl/murrayd160.htm
"MURRAY, Henry",https://www.parliament.tas.gov.au/history/tasparl/murrayh227.htm
"NAIRN, William Edward",https://www.parliament.tas.gov.au/history/tasparl/nairnwB.htm
"NAPIER, Suzanne Deidre",https://www.parliament.tas.gov.au/history/tasparl/napiers690.htm
"NEILSON, William Arthur",https://www.parliament.tas.gov.au/history/tasparl/neilsonw487.htm
"NEWTON, James Corcoran",https://www.parliament.tas.gov.au/history/tasparl/newtonj347.htm
"NICHOLAS, Alfred",https://www.parliament.tas.gov.au/history/tasparl/nicholasa30.htm
"NICHOLLS, Herbert",https://www.parliament.tas.gov.au/history/tasparl/nichollsh266.htm
"NICHOLS, Hubert Allan",https://www.parliament.tas.gov.au/history/tasparl/nicholsh273.htm
"NUTT, Robert William",https://www.parliament.tas.gov.au/history/tasparl/nuttr29.htm
"O'BYRNE, David",https://www.parliament.tas.gov.au/history/tasparl/obyrne756.htm
"O'BYRNE, Michelle",https://www.parliament.tas.gov.au/history/tasparl/obyrnem742.html
,https://www.parliament.tas.gov.au/history/tasparl/okeefed429.htm
"O'CONNOR, Cassandra Stanwell (Cassy)",https://www.parliament.tas.gov.au/history/tasparl/oconnorc747.htm
,https://www.parliament.tas.gov.au/history/tasparl/okeefed429.htm
"O'HALLORAN, Paul",https://www.parliament.tas.gov.au/history/tasparl/ohalloran757.htm
"O'KEEFE, David John",https://www.parliament.tas.gov.au/history/tasparl/okeefed429.htm
"O'KEEFE, Michael Ignatius",https://www.parliament.tas.gov.au/history/tasparl/o%27keefem325.htm
"O'REILLY, Christopher",https://www.parliament.tas.gov.au/history/tasparl/oreillyc132.htm
"OCKERBY, John Featherstone",https://www.parliament.tas.gov.au/history/tasparl/ockerbyj404.htm
"OFFICER, Robert",https://www.parliament.tas.gov.au/history/tasparl/officerrL.htm
"OGDEN, James Ernest",https://www.parliament.tas.gov.au/history/tasparl/ogdenj306.htm
"OGILVIE, Albert George",https://www.parliament.tas.gov.au/history/tasparl/ogilviea353.htm
"OGILVIE, Eric James",https://www.parliament.tas.gov.au/history/tasparl/ogilviee405.htm
"OGILVIE, Madeleine",https://www.parliament.tas.gov.au/history/tasparl/ogilvie_M_HA_773.html
"OLIVER, Neville Laurence",https://www.parliament.tas.gov.au/history/tasparl/olivern724.htm
"ORCHARD, John Raymond",https://www.parliament.tas.gov.au/history/tasparl/orchardj499.htm
"PAGE, Alfred",https://www.parliament.tas.gov.au/history/tasparl/pagea219.htm
"PAGE, Graeme Reginald",https://www.parliament.tas.gov.au/history/tasparl/pageg613.htm
"PAGE, William Humphrey",https://www.parliament.tas.gov.au/history/tasparl/pagew258.htm
"PALAMOUNTAIN, John Richard",https://www.parliament.tas.gov.au/history/tasparl/palamountainj397.htm
"PARK, Archibald Richard",https://www.parliament.tas.gov.au/history/tasparl/parka505.htm
"PARKINSON, Douglas John",https://www.parliament.tas.gov.au/history/tasparl/parkinsond694.htm
"PATMORE, Peter James",https://www.parliament.tas.gov.au/history/tasparl/patmorep651.htm
"PATTERSON, Robert Charles",https://www.parliament.tas.gov.au/history/tasparl/pattersonr265.htm
"PAYNE, Herbert James Mockford",https://www.parliament.tas.gov.au/history/tasparl/payneh278.htm
"PAYNE, Leslie Herbert",https://www.parliament.tas.gov.au/history/tasparl/paynel.htm
"PEARCE, William Warburton Frederick",https://www.parliament.tas.gov.au/history/tasparl/pearcew381.htm
"PEARSALL, Benjamin James",https://www.parliament.tas.gov.au/history/tasparl/pearsallb406.htm
"PEARSALL, Geoffrey Alan",https://www.parliament.tas.gov.au/history/tasparl/pearsallg584.htm
"PEARSALL, Thomas Gordon",https://www.parliament.tas.gov.au/history/tasparl/pearsallt508.htm
"PEART, Gregory John",https://www.parliament.tas.gov.au/history/tasparl/peartg663.htm
"PERKINS, John",https://www.parliament.tas.gov.au/history/tasparl/perkinsj66.htm
"PERKINS, William Watchorn",https://www.parliament.tas.gov.au/history/tasparl/perkinsw257.htm
"PETRUSMA, Hendrick",https://www.parliament.tas.gov.au/history/tasparl/petrusmah643.htm
"PETRUSMA, Jacqueline Anne",https://www.parliament.tas.gov.au/history/tasparl/petrusma758.htm
"PIESSE, Frederick William",https://www.parliament.tas.gov.au/history/tasparl/piessef244.htm
"PIGGOTT, John Peters",https://www.parliament.tas.gov.au/history/tasparl/piggottj382.htm
"PIKE, Peter Percy Fowler",https://www.parliament.tas.gov.au/history/tasparl/pikep503.htm
"PILLINGER, Alfred Thomas",https://www.parliament.tas.gov.au/history/tasparl/pillingera165.htm
"PITT, George Henry",https://www.parliament.tas.gov.au/history/tasparl/pittg351.htm
"PITT, Neil Henry",https://www.parliament.tas.gov.au/history/tasparl/pittn595.htm
"PLUMMER, Basil Owen",https://www.parliament.tas.gov.au/history/tasparl/plummerb439.htm
"POLLARD, Percy George",https://www.parliament.tas.gov.au/history/tasparl/pollardp348.htm
"POLLEY, Michael Robert",https://www.parliament.tas.gov.au/history/tasparl/polleym596.htm
"POSTLE, Herbert Thomas",https://www.parliament.tas.gov.au/history/tasparl/postleh421.htm
"PRATT, Josiah Courtney",https://www.parliament.tas.gov.au/history/tasparl/prattj97.htm
"PROCTER, Leslie Arthur",https://www.parliament.tas.gov.au/history/tasparl/procterl442.htm
"PROPSTING, William Bispham",https://www.parliament.tas.gov.au/history/tasparl/propstringw362.htm
"PULLEN, George Gerald",https://www.parliament.tas.gov.au/history/tasparl/pulleng327.htm
"PUTT, Margaret Ann",https://www.parliament.tas.gov.au/history/tasparl/puttm693.htm
"QUINTAL, John Moresby",https://www.parliament.tas.gov.au/history/tasparl/quintalj456.htm
"RAE, Peter Elliott",https://www.parliament.tas.gov.au/history/tasparl/raep664.htm
"RATTLE, Frederick Bowes",https://www.parliament.tas.gov.au/history/tasparl/rattlef283.htm
"RATTRAY, Colin Lewis",https://www.parliament.tas.gov.au/history/tasparl/rattrayc691.htm
"RATTRAY, Tania Verene",https://www.parliament.tas.gov.au/history/tasparl/rattray_t_LC_739.htm
"RECORD, Ernest George",https://www.parliament.tas.gov.au/history/tasparl/recorde501.htm
"REECE, Eric Elliot",https://www.parliament.tas.gov.au/history/tasparl/reecee488.htm
"REIBEY, Thomas",https://www.parliament.tas.gov.au/history/tasparl/reibeytO.htm
"RIDDOCH, Alexander",https://www.parliament.tas.gov.au/history/tasparl/riddocha157.htm
"RISBY, Joseph Edward",https://www.parliament.tas.gov.au/history/tasparl/risbyj169.htm
"RITCHIE, Allison Maree",https://www.parliament.tas.gov.au/history/tasparl/ritchiea721.htm
"ROBERTSON, James Thomas",https://www.parliament.tas.gov.au/history/tasparl/robertsonj161.htm
"ROBERTSON, Robert Shorthouse",https://www.parliament.tas.gov.au/history/tasparl/robertsonr489.htm
"ROBINSON, Matthew Edward",https://www.parliament.tas.gov.au/history/tasparl/robinsonm288.htm
"ROBINSON, Maxwell Keith",https://www.parliament.tas.gov.au/history/tasparl/robinsonm616.htm
"ROBINSON, William",https://www.parliament.tas.gov.au/history/tasparl/robinsonw457.htm
"ROBSON, Neil Maxwell",https://www.parliament.tas.gov.au/history/tasparl/robsonn611.htm
"ROCHER, Charles Alexander William",https://www.parliament.tas.gov.au/history/tasparl/rocherc106.htm
"ROCHER, Charles William",https://www.parliament.tas.gov.au/history/tasparl/rocherc120.htm
"ROCKLIFF, Jeremy Page",https://www.parliament.tas.gov.au/history/tasparl/rockliffj733.htm
"ROGERS, John Warrington",https://www.parliament.tas.gov.au/history/tasparl/rogersj32.htm
"ROOKE, Adolphus Frederick",https://www.parliament.tas.gov.au/history/tasparl/rookea31.htm
"ROOKE, Henry Isidore Joachim Raphael",https://www.parliament.tas.gov.au/history/tasparl/rookeh190.htm
"ROSE, Alexander",https://www.parliament.tas.gov.au/history/tasparl/rosea76.htm
"RUNDLE, Anthony Maxwell",https://www.parliament.tas.gov.au/history/tasparl/rundlea665.htm
"RUSSEN, Charles",https://www.parliament.tas.gov.au/history/tasparl/russenc296.htm
"RYAN, Daniel Edward",https://www.parliament.tas.gov.au/history/tasparl/ryand337.htm
"RYLAH, Joan",https://www.parliament.tas.gov.au/history/tasparl/rylah_J_HA_774.html
"SADLER, Robert James",https://www.parliament.tas.gov.au/history/tasparl/sadlerr263.htm
"SALIER, George",https://www.parliament.tas.gov.au/history/tasparl/salierg98.htm
"SALTER, Stephen Gordon",https://www.parliament.tas.gov.au/history/tasparl/salters639.htm
"SANDERS, Norman Karl",https://www.parliament.tas.gov.au/history/tasparl/sandersn631.htm
"SCHULZE, Peter Ross",https://www.parliament.tas.gov.au/history/tasparl/schulzep672.htm
"SCOTT, David",https://www.parliament.tas.gov.au/history/tasparl/scottd214.htm
"SCOTT, James Reid",https://www.parliament.tas.gov.au/history/tasparl/scottj89.htm
"SCOTT, James",https://www.parliament.tas.gov.au/history/tasparl/scottj117.htm
"SCOTT, John",https://www.parliament.tas.gov.au/history/tasparl/scottj99.htm
"SCOTT, Robert Steel",https://www.parliament.tas.gov.au/history/tasparl/scottr256.htm
"SEABROOK, Alfred Charles",https://www.parliament.tas.gov.au/history/tasparl/seabrooka412.htm
"SHARLAND, John Frederick",https://www.parliament.tas.gov.au/history/tasparl/sharlandj77.htm
"SHARLAND, William Stanley",https://www.parliament.tas.gov.au/history/tasparl/sharlandw68.htm
"SHAW, Edward Carr",https://www.parliament.tas.gov.au/history/tasparl/shawe.htm
"SHAW, Frederick",https://www.parliament.tas.gov.au/history/tasparl/shawf248.htm
"SHAW, George Arthur",https://www.parliament.tas.gov.au/history/tasparl/shawg569.htm
"SHAW, Victor James",https://www.parliament.tas.gov.au/history/tasparl/shawv391.htm
"SHELTON, Mark David",https://www.parliament.tas.gov.au/history/tasparl/shelton759.htm
"SHEPPARD, John Charles",https://www.parliament.tas.gov.au/history/tasparl/sheppardj695.htm
"SHERIDAN, William",https://www.parliament.tas.gov.au/history/tasparl/sheridanw316.htm
"SHERRY, Raymond Henry",https://www.parliament.tas.gov.au/history/tasparl/sherryr619.htm
"SHERWIN, Isaac",https://www.parliament.tas.gov.au/history/tasparl/sherwini56.htm
"SHIELDS, George",https://www.parliament.tas.gov.au/history/tasparl/shieldsg386.htm
"SHIELDS, Tasman",https://www.parliament.tas.gov.au/history/tasparl/shieldst338.htm
"SHIPP, Raymond William",https://www.parliament.tas.gov.au/history/tasparl/shippr573.htm
"SHOOBRIDGE, Ebenezer",https://www.parliament.tas.gov.au/history/tasparl/shoobridgee191.htm
"SHOOBRIDGE, Louis Manton (MLC 1921-37)",https://www.parliament.tas.gov.au/history/tasparl/shoobridgel371.htm
"SHOOBRIDGE, Louis Manton (MLC 1968-71)",https://www.parliament.tas.gov.au/history/tasparl/shoobridgel571.htm
"SHOOBRIDGE, Rupert Oakley",https://www.parliament.tas.gov.au/history/tasparl/shoobridger440.htm
"SHOOBRIDGE, Vincent William",https://www.parliament.tas.gov.au/history/tasparl/shoobridgev445.htm
"SHOOBRIDGE, William Ebenezer",https://www.parliament.tas.gov.au/history/tasparl/shoobridgew344.htm
"SHOREY, Samuel",https://www.parliament.tas.gov.au/history/tasparl/shoreys152.htm
"SIBLEY, William",https://www.parliament.tas.gov.au/history/tasparl/sibleyw88.htm
"SIEJKA, Joanna Claire",https://www.parliament.tas.gov.au/history/tasparl/siejka784.htm
"SIDEBOTTOM, William",https://www.parliament.tas.gov.au/history/tasparl/sidebottomw197.htm
"SINGH, Lisa",https://www.parliament.tas.gov.au/history/tasparl/singhl743.htm
,https://www.parliament.tas.gov.au/history/tasparl/sleighw.htm
"SLEIGH, William Campbell",https://www.parliament.tas.gov.au/history/tasparl/sleighw.htm
"SMART, Thomas Christie",https://www.parliament.tas.gov.au/history/tasparl/smartt182.htm
"SMITH, Francis",https://www.parliament.tas.gov.au/history/tasparl/smithf34.htm
"SMITH, James William Norton",https://www.parliament.tas.gov.au/history/tasparl/smithj196.htm
"SMITH, James",https://www.parliament.tas.gov.au/history/tasparl/smithj212.htm
"SMITH, Matthew John",https://www.parliament.tas.gov.au/history/tasparl/smithmj716.htm
"SMITH, Michael Adye",https://www.parliament.tas.gov.au/history/tasparl/smithm466.htm
"SMITH, Philip Thomas",https://www.parliament.tas.gov.au/history/tasparl/smithp35.htm
"SMITH, Ronald Whitefoord",https://www.parliament.tas.gov.au/history/tasparl/smithr253.htm
"SMITH, Silvia Joy",https://www.parliament.tas.gov.au/history/tasparl/smiths708.htm
"SMITH, Susan Lynette",https://www.parliament.tas.gov.au/history/tasparl/smithsl709.htm
"SMITH, Vincent John",https://www.parliament.tas.gov.au/history/tasparl/smithv640.htm
"SNOWDEN, Robert Eccles",https://www.parliament.tas.gov.au/history/tasparl/snowdenr354.htm
"SOLOMON, Albert Edgar",https://www.parliament.tas.gov.au/history/tasparl/solomona317.htm
"SOLOMON, Joseph",https://www.parliament.tas.gov.au/history/tasparl/solomonj179.htm
"SOUNDY, John",https://www.parliament.tas.gov.au/history/tasparl/soundyj395.htm
"SPURR, Lancelot Thomas",https://www.parliament.tas.gov.au/history/tasparl/spurrl452.htm
"SQUIBB, Geoffrey Bruce",https://www.parliament.tas.gov.au/history/tasparl/squibbg684.htm
"ST HILL, Windle Hill",https://www.parliament.tas.gov.au/history/tasparl/sthillw213.htm
"STANDEN, Alison",https://www.parliament.tas.gov.au/history/tasparl/standen786.htm
"STEER, John Leslie",https://www.parliament.tas.gov.au/history/tasparl/steerj509.htm
"STEWART, Charles Lennox",https://www.parliament.tas.gov.au/history/tasparl/stewartc286.htm
"STIEGLITZ, Francis Walter von",https://www.parliament.tas.gov.au/history/tasparl/stieglitzw54.htm
"STIEGLITZ, Frederick Lewis von",https://www.parliament.tas.gov.au/history/tasparl/stieglitzf33.htm
"STIEGLITZ, John Charles von",https://www.parliament.tas.gov.au/history/tasparl/stieglitzj231.htm
"STOKELL, George",https://www.parliament.tas.gov.au/history/tasparl/stokellg194.htm
"STOPP, Eric John Chancellor",https://www.parliament.tas.gov.au/history/tasparl/stoppe647.htm
"STORRER, David",https://www.parliament.tas.gov.au/history/tasparl/storrerd277.htm
"STREET, Nicholas Adam",https://www.parliament.tas.gov.au/history/tasparl/streetn780.htm
"STRUTT, Horace William",https://www.parliament.tas.gov.au/history/tasparl/strutth490.htm
"STRUTT, William Henry",https://www.parliament.tas.gov.au/history/tasparl/struttw441.htm
"STURGES, Graeme Lindsay",https://www.parliament.tas.gov.au/history/tasparl/sturgesg732.htm
"SUTTON, Edmund Henry",https://www.parliament.tas.gov.au/history/tasparl/suttonh215.htm
"SUTTON, Samuel John",https://www.parliament.tas.gov.au/history/tasparl/suttons230.htm
"SWAN, Denise Elizabeth",https://www.parliament.tas.gov.au/history/tasparl/swand699.htm
"SWAN, John",https://www.parliament.tas.gov.au/history/tasparl/swanj82.htm
"SYNNOTT, Frederick",https://www.parliament.tas.gov.au/history/tasparl/synnotf67.htm
"TATTERSALL, Arthur William",https://www.parliament.tas.gov.au/history/tasparl/tattersall494.htm
"TAYLOR, Adriana Johanna",https://www.parliament.tas.gov.au/history/tasparl/taylor_a_762.htm
,https://www.parliament.tas.gov.au/history/tasparl/tattersall494.htm
"TAYLOR, William Percy",https://www.parliament.tas.gov.au/history/tasparl/taylor446.htm
,https://www.parliament.tas.gov.au/history/tasparl/tattersall494.htm
"THE DUKE OF AVRAM, John Charlton",https://www.parliament.tas.gov.au/history/tasparl/avram676.htm
"THOMAS, Thomas William",https://www.parliament.tas.gov.au/history/tasparl/thomas145.htm
"THOMSON, Henry Mangles Denham",https://www.parliament.tas.gov.au/history/tasparl/thomson392.htm
"THOMSON, John",https://www.parliament.tas.gov.au/history/tasparl/thomson146.htm
"THORP, Lin Estelle",https://www.parliament.tas.gov.au/history/tasparl/thorp719.htm
"TOWNLEY, Reginald Colin",https://www.parliament.tas.gov.au/history/tasparl/townley491.htm
"TUCKER, John",https://www.parliament.tas.gov.au/history/tasparl/tucker793.htm
"TULLOCH, Samuel",https://www.parliament.tas.gov.au/history/tasparl/tulloch170.htm
"TURNBULL, Reginald John David",https://www.parliament.tas.gov.au/history/tasparl/turnbull492.htm
"TURNER, Ernest William",https://www.parliament.tas.gov.au/history/tasparl/turner417.htm
"TYLER, Arthur James",https://www.parliament.tas.gov.au/history/tasparl/tyler465.htm
"URQUHART, Donald Campbell",https://www.parliament.tas.gov.au/history/tasparl/urquhart241.htm
"VALENTINE, Francis David",https://www.parliament.tas.gov.au/history/tasparl/valentine326.htm
"VALENTINE, Robert Henry Francis",https://www.parliament.tas.gov.au/history/tasparl/valentine766.htm
"VENN, Kathleen Joan",https://www.parliament.tas.gov.au/history/tasparl/venn605.htm
"von STIEGLITZ, Francis Walter",https://www.parliament.tas.gov.au/history/tasparl/stieglitzw54.htm
"von STIEGLITZ, Frederick Lewis",https://www.parliament.tas.gov.au/history/tasparl/stieglitzf33.htm
"von STIEGLITZ, John Charles",https://www.parliament.tas.gov.au/history/tasparl/stieglitzj231.htm
"WALDUCK, Thomas Henry",https://www.parliament.tas.gov.au/history/tasparl/walduck249.htm
"WALKER, John",https://www.parliament.tas.gov.au/history/tasparl/walker37.htm
"WALKER, Peter Benson",https://www.parliament.tas.gov.au/history/tasparl/walker641.htm
"WALKER, Robert",https://www.parliament.tas.gov.au/history/tasparl/walker78.htm
"WARD, Sydney Victor",https://www.parliament.tas.gov.au/history/tasparl/ward528.htm
"WARDLAW, Alan Lindsay",https://www.parliament.tas.gov.au/history/tasparl/wardlaw357.htm
"WATCHORN, John",https://www.parliament.tas.gov.au/history/tasparl/watchorn183.htm
"WATKINS, Benjamin",https://www.parliament.tas.gov.au/history/tasparl/watkins304.htm
"WEBB, Meg",https://www.parliament.tas.gov.au/history/tasparl/webb794.htm
"WEDD, William George",https://www.parliament.tas.gov.au/history/tasparl/wedd468.htm
"WEDGE, John Helder",https://www.parliament.tas.gov.au/history/tasparl/wedge38.htm
"WEEDON, Charles James",https://www.parliament.tas.gov.au/history/tasparl/weedon90.htm
"WELDON, Michael William",https://www.parliament.tas.gov.au/history/tasparl/weldon628.htm
"WELSH, Alan Henry",https://www.parliament.tas.gov.au/history/tasparl/welsh469.htm
"WEST, Ernest Newton",https://www.parliament.tas.gov.au/history/tasparl/west453.htm
,https://www.parliament.tas.gov.au/history/tasparl/welsh469.htm
"WESTON, Edward",https://www.parliament.tas.gov.au/history/tasparl/weston158.htm
"WESTON, William Pritchard",https://www.parliament.tas.gov.au/history/tasparl/weston36.htm
"WHITE, Alfred John",https://www.parliament.tas.gov.au/history/tasparl/white454.htm
"WHITE, John Charles",https://www.parliament.tas.gov.au/history/tasparl/white666.htm
"WHITE, Rebecca Peta",https://www.parliament.tas.gov.au/history/tasparl/white760.htm
"WHITEHEAD, John",https://www.parliament.tas.gov.au/history/tasparl/whitehead129.htm
"WHITELEY, Brett David",https://www.parliament.tas.gov.au/history/tasparl/whiteley734.htm
"WHITELEY, Brett David",https://www.parliament.tas.gov.au/history/tasparl/whiteley734.htm
"WHITSITT, Joshua Thomas Hoskins",https://www.parliament.tas.gov.au/history/tasparl/whitsitt318.htm
"WHYTE, James",https://www.parliament.tas.gov.au/history/tasparl/whyte39.htm
"WIGHTMAN, Brian Neal",https://www.parliament.tas.gov.au/history/tasparl/wightman761.htm
"WILKINSON, James Scott",https://www.parliament.tas.gov.au/history/tasparl/wilkinson698.htm
"WILLEY, Mary Lindsay Caroline",https://www.parliament.tas.gov.au/history/tasparl/willey629.htm
"WILLIAMS, William Micah",https://www.parliament.tas.gov.au/history/tasparl/williams345.htm
"WILLIE, Joshua Barton",https://www.parliament.tas.gov.au/history/tasparl/willie781.htm
"WILSON, George",https://www.parliament.tas.gov.au/history/tasparl/wilson153.htm
"WILSON, James Milne",https://www.parliament.tas.gov.au/history/tasparl/wilsonj.htm
"WILSON, Stephen John",https://www.parliament.tas.gov.au/history/tasparl/wilson636.htm
"WING, Donald George",https://www.parliament.tas.gov.au/history/tasparl/wing644.htm
"WOOD, John Dennistoun",https://www.parliament.tas.gov.au/history/tasparl/wood279.htm
"WOODRUFF, Rosalie",https://www.parliament.tas.gov.au/history/tasparl/WoodruffR779.htm
"WOODS, Walter Alan",https://www.parliament.tas.gov.au/history/tasparl/woods299.htm
"WOOLLNOUGH, Joseph Boss Williams",https://www.parliament.tas.gov.au/history/tasparl/woollnough236.htm
"WORSLEY, Rowland Leonard",https://www.parliament.tas.gov.au/history/tasparl/worsley462.htm
"WRIEDT, Kenneth Shaw",https://www.parliament.tas.gov.au/history/tasparl/wriedt642.htm
"WRIEDT, Paula Catherine",https://www.parliament.tas.gov.au/history/tasparl/wriedt706.htm
"WRIGHT, John Forsyth",https://www.parliament.tas.gov.au/history/tasparl/wright447.htm
"WRIGHT, Reginald Charles",https://www.parliament.tas.gov.au/history/tasparl/wright493.htm
"YOUL, Alfred",https://www.parliament.tas.gov.au/history/tasparl/youl303.htm
"YOUNG, Aretas William Overton",https://www.parliament.tas.gov.au/history/tasparl/young542.htm
"YOUNG, Arthur",https://www.parliament.tas.gov.au/history/tasparl/young216.htm
"YOUNG, Russell",https://www.parliament.tas.gov.au/history/tasparl/young159.htm
"YOUNG, William Thomson",https://www.parliament.tas.gov.au/history/tasparl/young586.htm
